tab_id,timestamp_utc,evento,hora_comienzo,estado_partido,minuto,goles_local,goles_visitante,back_home,lay_home,back_draw,lay_draw,back_away,lay_away,back_over05,lay_over05,back_under05,lay_under05,back_over15,lay_over15,back_under15,lay_under15,back_over25,lay_over25,back_under25,lay_under25,back_over35,lay_over35,back_under35,lay_under35,back_over45,lay_over45,back_under45,lay_under45,back_over55,lay_over55,back_under55,lay_under55,back_over65,lay_over65,back_under65,lay_under65,back_rc_0_0,lay_rc_0_0,back_rc_1_0,lay_rc_1_0,back_rc_0_1,lay_rc_0_1,back_rc_1_1,lay_rc_1_1,back_rc_2_0,lay_rc_2_0,back_rc_0_2,lay_rc_0_2,back_rc_2_1,lay_rc_2_1,back_rc_1_2,lay_rc_1_2,back_rc_2_2,lay_rc_2_2,back_rc_3_0,lay_rc_3_0,back_rc_0_3,lay_rc_0_3,back_rc_3_1,lay_rc_3_1,back_rc_1_3,lay_rc_1_3,back_rc_3_2,lay_rc_3_2,back_rc_2_3,lay_rc_2_3,xg_local,xg_visitante,opta_points_local,opta_points_visitante,posesion_local,posesion_visitante,tiros_local,tiros_visitante,tiros_puerta_local,tiros_puerta_visitante,touches_box_local,touches_box_visitante,corners_local,corners_visitante,total_passes_local,total_passes_visitante,fouls_conceded_local,fouls_conceded_visitante,tarjetas_amarillas_local,tarjetas_amarillas_visitante,tarjetas_rojas_local,tarjetas_rojas_visitante,booking_points_local,booking_points_visitante,big_chances_local,big_chances_visitante,shots_off_target_local,shots_off_target_visitante,attacks_local,attacks_visitante,hit_woodwork_local,hit_woodwork_visitante,blocked_shots_local,blocked_shots_visitante,shooting_accuracy_local,shooting_accuracy_visitante,dangerous_attacks_local,dangerous_attacks_visitante,tackles_local,tackles_visitante,tackle_success_pct_local,tackle_success_pct_visitante,duels_won_local,duels_won_visitante,aerial_duels_won_local,aerial_duels_won_visitante,clearance_local,clearance_visitante,saves_local,saves_visitante,interceptions_local,interceptions_visitante,pass_success_pct_local,pass_success_pct_visitante,crosses_local,crosses_visitante,successful_crosses_pct_local,successful_crosses_pct_visitante,successful_passes_opp_half_local,successful_passes_opp_half_visitante,successful_passes_final_third_local,successful_passes_final_third_visitante,goal_kicks_local,goal_kicks_visitante,throw_ins_local,throw_ins_visitante,free_kicks_local,free_kicks_visitante,offsides_local,offsides_visitante,substitutions_local,substitutions_visitante,injuries_local,injuries_visitante,time_in_dangerous_attack_pct_local,time_in_dangerous_attack_pct_visitante,momentum_local,momentum_visitante,volumen_matched,url,País,Liga
aek-de-atenas-celje-apuestas-35366868,2026-03-19 17:30:37,,,pre_partido,,,,1.29,1.31,6.4,7.2,11.5,13.5,,,,,1.18,1.2,5.9,6.6,1.55,1.59,2.66,2.84,2.38,2.52,1.66,1.73,4.2,4.7,1.28,1.31,8.8,9.8,1.11,1.13,,,,,25,30,9.6,11,27,44,13,15,7.6,8.6,50,130,9.8,11,34,44,22,32,9,10.5,48,540,12,14,50,210,29,36,48,150,,,,,,,,,,,,,,,,,,,,,,,,,,,,,,,,,,,,,,,,,,,,,,,,,,,,,,,,,,,,,,,,,,,,,,,,,,,,,,,,https://www.betfair.es/exchange/plus/es/f%C3%BAtbol/europa-conference-league/aek-de-atenas-celje-apuestas-35366868,Internacional,Conference League
aek-de-atenas-celje-apuestas-35366868,2026-03-19 17:31:28,,,pre_partido,,,,1.29,1.31,6.4,7,11.5,13.5,1.03,1.12,,32,,,,,,,,,,,,,,,,,,,,,,,,,24,30,9.6,11,27,44,13,15,7.6,8.6,50,130,9.8,11,34,44,22,32,9.2,10.5,48,540,12,14,50,210,29,36,48,150,,,,,,,,,,,,,,,,,,,,,,,,,,,,,,,,,,,,,,,,,,,,,,,,,,,,,,,,,,,,,,,,,,,,,,,,,,,,,,,,https://www.betfair.es/exchange/plus/es/f%C3%BAtbol/europa-conference-league/aek-de-atenas-celje-apuestas-35366868,Internacional,Conference League
aek-de-atenas-celje-apuestas-35366868,2026-03-19 17:32:27,,,pre_partido,,,,1.29,1.31,6.4,7,11.5,13.5,1.03,1.12,,32,,,,,,,,,,,,,,,,,,,,,,,,,24,30,9.6,11,27,44,13,15,7.6,8.8,50,130,9.8,11,34,44,22,32,9.2,10.5,48,540,12,14,50,210,29,36,48,150,,,,,,,,,,,,,,,,,,,,,,,,,,,,,,,,,,,,,,,,,,,,,,,,,,,,,,,,,,,,,,,,,,,,,,,,,,,,,,,,https://www.betfair.es/exchange/plus/es/f%C3%BAtbol/europa-conference-league/aek-de-atenas-celje-apuestas-35366868,Internacional,Conference League
aek-de-atenas-celje-apuestas-35366868,2026-03-19 17:33:23,,,pre_partido,,,,1.29,1.31,6.4,7,11.5,13.5,1.03,1.12,,32,,,,,,,,,,,,,,,,,,,,,,,,,24,30,9.6,11,34,44,13,15,7.6,8.6,50,130,9.8,11,34,44,22,32,9,10.5,48,540,12,14,50,210,29,36,48,150,,,,,,,,,,,,,,,,,,,,,,,,,,,,,,,,,,,,,,,,,,,,,,,,,,,,,,,,,,,,,,,,,,,,,,,,,,,,,,,,https://www.betfair.es/exchange/plus/es/f%C3%BAtbol/europa-conference-league/aek-de-atenas-celje-apuestas-35366868,Internacional,Conference League
aek-de-atenas-celje-apuestas-35366868,2026-03-19 17:34:17,,,pre_partido,,,,1.29,1.31,6.4,7,11.5,13.5,1.03,1.12,,32,,,,,,,,,,,,,,,,,,,,,,,,,24,30,9.6,11,34,44,13,15,7.6,8.6,50,130,9.8,11,34,44,22,32,9.2,10.5,48,540,12,14,50,210,29,36,48,150,,,,,,,,,,,,,,,,,,,,,,,,,,,,,,,,,,,,,,,,,,,,,,,,,,,,,,,,,,,,,,,,,,,,,,,,,,,,,,,,https://www.betfair.es/exchange/plus/es/f%C3%BAtbol/europa-conference-league/aek-de-atenas-celje-apuestas-35366868,Internacional,Conference League
aek-de-atenas-celje-apuestas-35366868,2026-03-19 17:35:14,,,pre_partido,,,,1.29,1.31,6.4,7,11.5,13.5,1.03,1.12,,32,,,,,,,,,,,,,,,,,,,,,,,,,24,30,9.6,11,34,44,13,15,7.6,8.6,50,130,9.8,11,34,44,22,32,9,10.5,48,540,12,14,50,210,29,36,48,150,,,,,,,,,,,,,,,,,,,,,,,,,,,,,,,,,,,,,,,,,,,,,,,,,,,,,,,,,,,,,,,,,,,,,,,,,,,,,,,,https://www.betfair.es/exchange/plus/es/f%C3%BAtbol/europa-conference-league/aek-de-atenas-celje-apuestas-35366868,Internacional,Conference League
aek-de-atenas-celje-apuestas-35366868,2026-03-19 17:36:11,,,pre_partido,,,,1.29,1.31,6.4,7,11.5,13.5,1.03,1.12,,32,,,,,,,,,,,,,,,,,,,,,,,,,24,30,9.6,11,27,44,13,15,7.6,8.6,50,130,9.8,11,34,44,22,32,9,10.5,48,540,12,14,50,210,29,38,48,150,,,,,,,,,,,,,,,,,,,,,,,,,,,,,,,,,,,,,,,,,,,,,,,,,,,,,,,,,,,,,,,,,,,,,,,,,,,,,,,,https://www.betfair.es/exchange/plus/es/f%C3%BAtbol/europa-conference-league/aek-de-atenas-celje-apuestas-35366868,Internacional,Conference League
aek-de-atenas-celje-apuestas-35366868,2026-03-19 17:37:06,,,pre_partido,,,,1.29,1.31,6.4,7,11.5,13.5,1.03,1.12,,32,,,,,,,,,,,,,,,,,,,,,,,,,24,30,9.6,11,27,46,13,15,7.6,8.6,50,130,9.8,11,34,44,22,32,9,10.5,48,540,12,14,50,210,29,38,48,150,,,,,,,,,,,,,,,,,,,,,,,,,,,,,,,,,,,,,,,,,,,,,,,,,,,,,,,,,,,,,,,,,,,,,,,,,,,,,,,,https://www.betfair.es/exchange/plus/es/f%C3%BAtbol/europa-conference-league/aek-de-atenas-celje-apuestas-35366868,Internacional,Conference League
aek-de-atenas-celje-apuestas-35366868,2026-03-19 17:38:08,,,pre_partido,,,,1.29,1.31,6.4,7,11.5,13.5,1.03,1.12,,32,,,,,,,,,,,,,,,,,,,,,,,,,25,32,9.6,11,27,46,13,15,7.6,8.8,50,130,9.8,11,34,44,22,32,9,10.5,48,540,12,14,50,210,29,36,48,150,,,,,,,,,,,,,,,,,,,,,,,,,,,,,,,,,,,,,,,,,,,,,,,,,,,,,,,,,,,,,,,,,,,,,,,,,,,,,,,,https://www.betfair.es/exchange/plus/es/f%C3%BAtbol/europa-conference-league/aek-de-atenas-celje-apuestas-35366868,Internacional,Conference League
aek-de-atenas-celje-apuestas-35366868,2026-03-19 17:39:11,,,pre_partido,,,,1.29,1.31,6.4,7,11.5,13.5,1.03,1.12,,32,,,,,,,,,,,,,,,,,,,,,,,,,25,32,9.6,11,27,46,13,15,7.6,8.8,50,130,9.8,11,34,44,22,32,9,10.5,48,540,12,14,50,210,29,36,48,150,,,,,,,,,,,,,,,,,,,,,,,,,,,,,,,,,,,,,,,,,,,,,,,,,,,,,,,,,,,,,,,,,,,,,,,,,,,,,,,,https://www.betfair.es/exchange/plus/es/f%C3%BAtbol/europa-conference-league/aek-de-atenas-celje-apuestas-35366868,Internacional,Conference League
aek-de-atenas-celje-apuestas-35366868,2026-03-19 17:40:09,,,pre_partido,,,,1.29,1.31,6.4,7.2,11.5,13.5,1.03,1.12,,32,,,,,,,,,,,,,,,,,,,,,,,,,25,32,9.8,11,27,46,13,15.5,7.6,8.8,50,130,9.8,11,34,44,22,32,9,10.5,48,540,12,14,50,210,29,36,48,150,,,,,,,,,,,,,,,,,,,,,,,,,,,,,,,,,,,,,,,,,,,,,,,,,,,,,,,,,,,,,,,,,,,,,,,,,,,,,,,,https://www.betfair.es/exchange/plus/es/f%C3%BAtbol/europa-conference-league/aek-de-atenas-celje-apuestas-35366868,Internacional,Conference League
aek-de-atenas-celje-apuestas-35366868,2026-03-19 17:41:05,,,pre_partido,,,,1.29,1.31,6.4,7.2,11.5,13,1.03,1.12,,32,,,,,,,,,,,,,,,,,,,,,,,,,25,32,9.8,11,27,46,13,15.5,7.6,8.8,50,130,9.8,11,34,44,22,32,9,10.5,48,540,12,14,50,210,29,36,48,150,,,,,,,,,,,,,,,,,,,,,,,,,,,,,,,,,,,,,,,,,,,,,,,,,,,,,,,,,,,,,,,,,,,,,,,,,,,,,,,,https://www.betfair.es/exchange/plus/es/f%C3%BAtbol/europa-conference-league/aek-de-atenas-celje-apuestas-35366868,Internacional,Conference League
aek-de-atenas-celje-apuestas-35366868,2026-03-19 17:42:06,,,pre_partido,,,,1.29,1.31,6.4,7.2,11.5,13,1.03,1.12,,32,,,,,,,,,,,,,,,,,,,,,,,,,25,32,10,11.5,27,46,13,15.5,7.8,8.8,50,140,9.8,11.5,32,46,22,32,9,10.5,48,560,12,14,50,220,29,36,48,160,,,,,,,,,,,,,,,,,,,,,,,,,,,,,,,,,,,,,,,,,,,,,,,,,,,,,,,,,,,,,,,,,,,,,,,,,,,,,,,,https://www.betfair.es/exchange/plus/es/f%C3%BAtbol/europa-conference-league/aek-de-atenas-celje-apuestas-35366868,Internacional,Conference League
aek-de-atenas-celje-apuestas-35366868,2026-03-19 17:43:08,,,pre_partido,,,,1.29,1.31,6.4,7.2,11.5,13.5,1.03,1.12,,32,,,,,,,,,,,,,,,,,,,,,,,,,25,32,10,11.5,27,46,13,15.5,7.8,8.8,50,140,9.8,11.5,32,46,22,32,9,10.5,48,560,12,14,50,220,29,36,48,160,,,,,,,,,,,,,,,,,,,,,,,,,,,,,,,,,,,,,,,,,,,,,,,,,,,,,,,,,,,,,,,,,,,,,,,,,,,,,,,,https://www.betfair.es/exchange/plus/es/f%C3%BAtbol/europa-conference-league/aek-de-atenas-celje-apuestas-35366868,Internacional,Conference League
aek-de-atenas-celje-apuestas-35366868,2026-03-19 17:44:10,,,pre_partido,,,,1.28,1.3,6.4,7.2,11.5,13.5,1.03,1.12,,32,,,,,,,,,,,,,,,,,,,,,,,,,25,32,10,11.5,27,46,13,15.5,7.8,8.8,50,140,9.8,11.5,32,46,22,32,9,10.5,48,560,12,14,50,220,29,36,48,160,,,,,,,,,,,,,,,,,,,,,,,,,,,,,,,,,,,,,,,,,,,,,,,,,,,,,,,,,,,,,,,,,,,,,,,,,,,,,,,,https://www.betfair.es/exchange/plus/es/f%C3%BAtbol/europa-conference-league/aek-de-atenas-celje-apuestas-35366868,Internacional,Conference League
aek-de-atenas-celje-apuestas-35366868,2026-03-19 17:45:42,,,pre_partido,,,,1.29,1.3,6.4,7.2,11.5,13.5,1.03,1.12,,32,,,,,,,,,,,,,,,,,,,,,,,,,,,8.4,11.5,2.54,,11.5,16,7.4,38,,160,9.8,12,,,,,7.6,90,,620,10,16,,230,,,,160,,,,,100.0,,,,,,,,,,1,,,,,,,,,,,,,,,,,,,,,,,,,,,,,,,,,,,,,,100.0,,,,,,,,,,,,,,,,,,,,,,,,,,,https://www.betfair.es/exchange/plus/es/f%C3%BAtbol/europa-conference-league/aek-de-atenas-celje-apuestas-35366868,Internacional,Conference League
aek-de-atenas-celje-apuestas-35366868,2026-03-19 17:47:14,,,en_juego,1,0,0,1.29,1.32,6.4,7.2,8.6,13,1.02,1.12,,40,,,,,,,,,,,,,,,,,,,,,,,,,25,32,9.8,11.5,27,50,12.5,15.5,7.6,8.8,50,,9.8,11.5,30,50,22,32,9,10.5,48,,11.5,14,48,,28,38,48,,,,,,15.8,84.2,,,,,,,,,3,16,,,,,,,,,,,,,,,,,,,,,,,1,,100.0,,1,2,,1,,,,,,,33.3,93.8,,,,,,,,,,,,,,,,,,,,,,,10.35,4.38,,https://www.betfair.es/exchange/plus/es/f%C3%BAtbol/europa-conference-league/aek-de-atenas-celje-apuestas-35366868,Internacional,Conference League
aek-de-atenas-celje-apuestas-35366868,2026-03-19 17:49:55,,,en_juego,3,0,0,1.29,1.34,6,6.8,10.5,13,1.02,1.12,,29,,,,,,,,,,,,,,,,,,,,,,,,,24,29,9.2,11,2.56,44,12.5,15,7.4,8.6,48,130,9.8,11,32,42,25,32,9,10.5,50,490,12,14.5,2.36,200,30,38,48,150,,,,,24.5,75.5,,,,,,,,,13,40,1,,,,,,,,,,,,,,,,,,,,,,1,,100.0,,2,3,1,1,1,,,,,,84.6,92.5,,,,,,1,,1,,,,,,,,,,,,,,,19.75,39.41,,https://www.betfair.es/exchange/plus/es/f%C3%BAtbol/europa-conference-league/aek-de-atenas-celje-apuestas-35366868,Internacional,Conference League
aek-de-atenas-celje-apuestas-35366868,2026-03-19 17:51:20,,,en_juego,4,0,0,1.29,1.32,6.2,7,11,13,1.02,1.12,,29,,,,,,,,,,,,,,,,,,,,,,,,,22,28,8.8,10.5,34,42,12,15,7.4,8.4,2.36,130,9.8,11,32,42,25,32,9,10.5,50,490,12,14.5,50,200,30,38,48,150,,,,,23.2,76.8,,,,,,,,,13,43,1,,,,,,,,,,,,,,,,,,,,,,1,,100.0,,2,4,1,1,1,,,,,,84.6,93.0,,,,,,1,,1,,,,,,,,,,,,,,,20.73,53.04,,https://www.betfair.es/exchange/plus/es/f%C3%BAtbol/europa-conference-league/aek-de-atenas-celje-apuestas-35366868,Internacional,Conference League
aek-de-atenas-celje-apuestas-35366868,2026-03-19 17:52:38,,,en_juego,5,0,0,1.31,1.34,5.9,6.6,10.5,12.5,1.02,1.12,,28,,,,,,,,,,,,,,,,,,,,,,,,,20,27,8.6,9.8,32,40,12,14,7.2,8.2,48,120,9.6,11,34,42,26,32,9,10.5,50,480,12.5,14.5,50,200,30,42,50,150,,,,,16.9,83.1,,,,,,,,,13,64,2,,,,,,,,,,,,,,,,,,,,,,1,,100.0,,2,4,1,1,1,,,,,,84.6,95.3,,,,,,2,,2,,,,,,,,,,,,,,,21.37,70.13,,https://www.betfair.es/exchange/plus/es/f%C3%BAtbol/europa-conference-league/aek-de-atenas-celje-apuestas-35366868,Internacional,Conference League
aek-de-atenas-celje-apuestas-35366868,2026-03-19 17:54:01,,,en_juego,7,0,0,1.33,1.35,5.7,6.4,10,12,1.02,1.12,,29,,,,,,,,,,,,,,,,,,,,,,,,,19,23,8,9.2,28,36,11,13.5,7,8.2,50,110,9.2,11,30,40,24,32,9.2,11,50,460,13,15,50,200,30,42,50,150,,,,,16.2,83.8,,,,,,,,,17,88,2,,,,,,,,,,,,,,,,,,,,,,2,,50.0,,3,4,1,1,1,,,,,,76.5,94.3,,,,,,8,,8,,,,,,,,,,,,,,,26.64,85.94,,https://www.betfair.es/exchange/plus/es/f%C3%BAtbol/europa-conference-league/aek-de-atenas-celje-apuestas-35366868,Internacional,Conference League
aek-de-atenas-celje-apuestas-35366868,2026-03-19 17:55:42,,,en_juego,8,0,0,1.36,1.44,5.3,6,9.2,11,1.04,1.06,16.5,22,,,,,,,,,,,,,,,,,,,,,,,,,18,23,7.8,9,26,34,10.5,12.5,7.2,8.2,50,100,9.2,11,28,36,24,32,9.6,11,50,440,13,16,50,180,34,42,50,150,,,,,20.3,79.7,,,,,,1,,,24,93,2,,,,,,,,,,,,,,,,,,,,,,2,,50.0,,3,4,1,1,2,,,,,,75.0,94.6,,1,,0.0,,6,,6,,,,,,,,,,,,,,,31.97,120.30,,https://www.betfair.es/exchange/plus/es/f%C3%BAtbol/europa-conference-league/aek-de-atenas-celje-apuestas-35366868,Internacional,Conference League
aek-de-atenas-celje-apuestas-35366868,2026-03-19 17:57:22,,,en_juego,10,0,0,1.4,1.45,5.1,5.6,8,9.6,1.04,1.12,,22,,,,,,,,,,,,,,,,,,,,,,,,,18,22,8.2,9.2,24,29,10,12,7.6,8.6,55,85,9.2,10.5,25,32,22,27,10,12,50,310,13,15.5,48,140,29,40,50,120,0.0304,,,,32.9,67.1,1,,,,3,1,,,49,99,2,1,,,,,,,,,,,,,,,1,,0.0,,,,3,2,33.3,50.0,5,7,1,1,1,1,,,,,83.7,93.9,,1,,0.0,7,6,7,6,,,,,,,,,,,,,,,58.18,128.05,,https://www.betfair.es/exchange/plus/es/f%C3%BAtbol/europa-conference-league/aek-de-atenas-celje-apuestas-35366868,Internacional,Conference League
aek-de-atenas-celje-apuestas-35366868,2026-03-19 17:59:03,,,en_juego,12,0,1,1.18,2.46,2.9,6.8,2.64,,1.04,1.12,,22,,,,,,,,,,,,,,,,,,,,,,,,,18,22,8.2,9.2,24,32,10,12,7.6,8.6,55,85,9.2,10.5,25,32,22,27,10,12,50,310,13,15.5,48,140,29,40,50,120,0.0898,0.0647,,,30.4,69.6,1,1,,1,3,2,,,48,109,2,1,,,,,,,,,,,1,1,,,1,,0.0,100.0,,1,3,2,33.3,50.0,5,7,1,1,1,1,,,,,83.3,94.5,,1,,0.0,7,8,7,8,,,,,,,,,,,,,,,119.51,148.92,,https://www.betfair.es/exchange/plus/es/f%C3%BAtbol/europa-conference-league/aek-de-atenas-celje-apuestas-35366868,Internacional,Conference League
aek-de-atenas-celje-apuestas-35366868,2026-03-19 18:00:47,,,en_juego,15,0,1,1.7,2.44,2.9,,1.18,,,,,,,,,,,,,,,,,,,,,,,,,,,,,,,,,,,,,,,,,,,,,,,,,,,,,,,,,,,,0.0898,0.1383,,,30.4,69.6,1,1,,1,3,2,,,48,109,2,1,,,,,,,,,,,1,1,,,1,,0.0,100.0,,1,3,2,33.3,50.0,5,7,1,1,1,1,,,,,83.3,94.5,,1,,0.0,7,8,7,8,,,,,,,,,,,,,,,228.71,245.36,,https://www.betfair.es/exchange/plus/es/f%C3%BAtbol/europa-conference-league/aek-de-atenas-celje-apuestas-35366868,Internacional,Conference League
aek-de-atenas-celje-apuestas-35366868,2026-03-19 18:03:03,,,en_juego,16,0,1,2.2,2.84,3.6,3.85,3.3,3.5,,,,,1.04,1.07,12.5,22,,,,,,,,,,,,,,,,,,,,,50,,50,,16,22,7.8,9.2,50,,15.5,30,6.6,7.6,10,12.5,8.8,11,50,,30,85,9.8,11.5,19,180,12.5,20,17.5,32,0.0898,0.1383,,,31.4,68.6,1,1,,1,4,2,,,61,132,2,2,,,,,,,,,,,1,1,,,1,,0.0,100.0,,1,2,2,50.0,50.0,5,8,1,2,1,1,,,,,82.0,91.7,,1,,100.0,8,10,8,10,,1,,,,,,,,,,,,,241.08,250.02,,https://www.betfair.es/exchange/plus/es/f%C3%BAtbol/europa-conference-league/aek-de-atenas-celje-apuestas-35366868,Internacional,Conference League
aek-de-atenas-celje-apuestas-35366868,2026-03-19 18:03:48,,,en_juego,17,0,1,2.18,2.32,3.75,3.9,3.3,3.6,,,,,1.05,1.07,11.5,19.5,,,,,,,,,,,,,,,,,,,,,50,,50,,16,19.5,7.4,8,50,,16,29,6.8,7.6,10,12.5,9,10.5,50,,30,85,9.8,12,27,34,13,15.5,24,32,0.0898,0.1383,,,37.0,63.0,1,1,,1,4,2,,,78,132,2,2,,,,,,,,,,,1,1,,,1,,0.0,100.0,,1,2,3,50.0,66.7,5,9,1,2,1,1,,,,,85.9,91.7,,1,,100.0,18,10,18,10,,1,1,,,,,,,,,,,,253.81,253.14,,https://www.betfair.es/exchange/plus/es/f%C3%BAtbol/europa-conference-league/aek-de-atenas-celje-apuestas-35366868,Internacional,Conference League
aek-de-atenas-celje-apuestas-35366868,2026-03-19 18:05:08,,,en_juego,18,0,1,2.24,2.32,3.65,3.8,3.2,3.5,,,,,1.05,1.07,16.5,21,,,,,,,,,,,,,,,,,,,,,50,,50,,16,19.5,7.4,8,50,,16,29,6.8,7.6,10,12.5,9,10.5,50,,30,85,9.8,12,27,34,13,15.5,24,32,0.0898,0.1383,,,37.1,62.9,1,1,,1,4,2,,,79,133,2,2,,,,,,,,,,,1,1,,,1,,0.0,100.0,,1,2,3,50.0,66.7,5,10,1,2,1,1,,,,,84.8,91.0,,1,,100.0,18,10,18,10,,1,1,1,,,,,,,,,,,311.21,255.58,,https://www.betfair.es/exchange/plus/es/f%C3%BAtbol/europa-conference-league/aek-de-atenas-celje-apuestas-35366868,Internacional,Conference League
aek-de-atenas-celje-apuestas-35366868,2026-03-19 18:06:43,,,en_juego,19,0,1,2.24,2.38,3.6,3.8,3.25,3.5,,,,,1.06,1.07,15.5,19.5,,,,,,,,,,,,,,,,,,,,,50,,50,,16,22,7.2,8.2,50,,21,29,6.8,7.6,10,12.5,9,10.5,50,,50,85,10,12,27,48,13,15.5,26,32,0.4354,0.1383,,,36.4,63.6,3,1,1,1,6,2,1,,81,142,3,2,,,,,,,1,,1,,3,1,,,1,,33.3,100.0,1,1,3,3,66.7,66.7,6,11,1,2,2,1,,1,,,84.0,90.8,1,1,100.0,100.0,18,11,18,11,,2,1,1,,,,,,,,,,,360.77,268.75,,https://www.betfair.es/exchange/plus/es/f%C3%BAtbol/europa-conference-league/aek-de-atenas-celje-apuestas-35366868,Internacional,Conference League
aek-de-atenas-celje-apuestas-35366868,2026-03-19 18:07:27,,,en_juego,20,0,1,2.24,2.38,3.6,3.8,3.25,3.5,,,,,1.05,1.07,11,19.5,,,,,,,,,,,,,,,,,,,,,50,,50,,15,19.5,6.8,8.2,50,,16,24,6.6,7.6,10,12,9.2,10.5,50,,,65,10,12,26,34,13.5,16,24,32,0.4354,0.1383,,,36.4,63.6,3,1,1,1,6,2,1,,81,142,3,2,,,,,,,1,,1,,3,1,,,1,,33.3,100.0,1,1,3,3,66.7,66.7,6,11,1,2,2,1,,1,,,84.0,90.8,1,1,100.0,100.0,18,11,18,11,,2,1,1,,,,,,,,,,,370.92,272.93,,https://www.betfair.es/exchange/plus/es/f%C3%BAtbol/europa-conference-league/aek-de-atenas-celje-apuestas-35366868,Internacional,Conference League
aek-de-atenas-celje-apuestas-35366868,2026-03-19 18:08:11,,,en_juego,21,0,1,2.24,2.4,3.6,3.8,3.25,3.55,,,,,1.06,1.07,15.5,19.5,,,,,,,,,,,,,,,,,,,,,50,,50,,16,19,6.8,7.8,50,,21,26,6.6,7.6,10,12,9.2,10.5,50,,50,70,10,12,27,36,13.5,17,24,32,0.4354,0.1383,,,35.5,64.5,3,1,1,1,6,2,1,1,81,146,3,3,,,,,,,1,,1,,3,1,,,1,,33.3,100.0,1,1,3,3,66.7,66.7,7,11,1,2,5,1,,1,1,1,84.0,91.1,1,3,100.0,33.3,18,14,18,14,,2,1,3,,,,,,,,,,,376.10,288.18,,https://www.betfair.es/exchange/plus/es/f%C3%BAtbol/europa-conference-league/aek-de-atenas-celje-apuestas-35366868,Internacional,Conference League
aek-de-atenas-celje-apuestas-35366868,2026-03-19 18:08:57,,,en_juego,22,0,1,2.38,2.56,3.65,3.8,2.92,3.15,,,,,1.06,1.07,15.5,19.5,,,,,,,,,,,,,,,,,,,,,50,,50,,15,19.5,6.8,8.2,50,,16,24,6.6,7.6,10,12,9.2,10.5,50,,,65,10,12,26,34,13.5,16,24,32,0.4354,0.1383,,,35.5,64.5,3,1,1,1,6,2,1,1,81,146,3,3,,,,,,,1,,1,,3,1,,,1,,33.3,100.0,1,1,3,3,66.7,66.7,7,11,1,2,5,1,,1,1,1,84.0,91.1,1,3,100.0,33.3,18,14,18,14,,2,1,3,,,,,,,,,,,385.60,300.69,,https://www.betfair.es/exchange/plus/es/f%C3%BAtbol/europa-conference-league/aek-de-atenas-celje-apuestas-35366868,Internacional,Conference League
aek-de-atenas-celje-apuestas-35366868,2026-03-19 18:10:25,,,en_juego,24,0,1,2.3,2.56,3.7,3.85,3,3.3,,,,,1.06,1.11,10,18,,,,,,,,,,,,,,,,,,,,,50,,50,,14,17,6.4,7.4,50,,16.5,26,6.4,7.4,9.8,11.5,9.4,11,50,,22,120,10,12,19,44,14,17.5,24,48,0.4354,0.1383,,,36.2,63.7,3,2,1,1,5,2,1,1,86,150,3,4,,1,,,,10,,,1,1,2,1,,1,1,,33.3,50.0,1,1,2,3,50.0,66.7,7,11,1,2,5,1,,1,1,1,84.9,90.0,1,3,100.0,33.3,18,14,18,14,,2,1,3,,,,,,,,,,,417.22,308.97,,https://www.betfair.es/exchange/plus/es/f%C3%BAtbol/europa-conference-league/aek-de-atenas-celje-apuestas-35366868,Internacional,Conference League
aek-de-atenas-celje-apuestas-35366868,2026-03-19 18:11:54,,,en_juego,25,0,1,2.16,2.46,3.65,3.8,3.05,3.75,,,,,1.06,1.11,10,40,,,,,,,,,,,,,,,,,,,,,,,,,13.5,16.5,6.2,7.4,,,17,24,5.9,7.2,9.6,11.5,9.4,11,,,25,80,10,12,18,34,14,18,4.9,34,0.4354,0.178,,,38.2,61.8,3,2,1,1,6,2,3,1,97,162,3,4,,1,,,,10,,,1,1,2,1,,1,1,,33.3,50.0,1,1,2,4,50.0,50.0,7,14,1,3,5,6,,1,1,1,85.6,89.5,5,3,40.0,33.3,24,14,24,14,,2,1,3,,,,,,,,,,,523.56,323.57,,https://www.betfair.es/exchange/plus/es/f%C3%BAtbol/europa-conference-league/aek-de-atenas-celje-apuestas-35366868,Internacional,Conference League
aek-de-atenas-celje-apuestas-35366868,2026-03-19 18:12:39,,,en_juego,26,0,1,2.38,2.76,3.3,4.4,2.74,3.2,,,,,1.07,1.08,11,16,,,,,,,,,,,,,,,,,,,,,,,,,10,17,5.7,7.4,,,,22,5.7,7.4,7.4,11,7.4,11,,,,95,8,26,,36,10,17.5,,38,0.4354,0.178,,,38.2,61.8,3,2,1,1,6,2,3,1,97,162,3,4,,1,,,,10,,,1,1,2,1,,1,1,,33.3,50.0,1,1,2,4,50.0,50.0,7,14,1,3,5,6,,1,1,1,85.6,89.5,5,3,40.0,33.3,24,14,24,14,,2,1,3,,,,,,,,,,,591.34,326.19,,https://www.betfair.es/exchange/plus/es/f%C3%BAtbol/europa-conference-league/aek-de-atenas-celje-apuestas-35366868,Internacional,Conference League
aek-de-atenas-celje-apuestas-35366868,2026-03-19 18:14:12,,,en_juego,27,0,1,2.38,2.58,3.5,3.7,3.05,3.25,,,,,1.06,1.08,11,17.5,,,,,,,,,,,,,,,,,,,,,48,,50,,13,16,6.2,7,50,,17,22,6.2,7.2,9.6,11,9.4,11,50,,28,80,10,12.5,18.5,44,14.5,18,19,34,0.5165,0.1914,,,38.0,62.0,4,3,1,1,10,2,3,1,100,169,4,4,,1,,,,10,,,1,2,3,1,,1,2,,25.0,33.3,2,1,2,4,50.0,50.0,7,15,1,3,6,6,,1,1,1,86.0,89.9,6,4,50.0,25.0,27,15,27,15,,2,1,3,,,,,,,,,,,623.08,325.06,,https://www.betfair.es/exchange/plus/es/f%C3%BAtbol/europa-conference-league/aek-de-atenas-celje-apuestas-35366868,Internacional,Conference League
aek-de-atenas-celje-apuestas-35366868,2026-03-19 18:14:56,,,en_juego,28,0,1,2.32,2.68,3.55,4.3,2.84,3.35,,,,,1.07,1.08,11,16,,,,,,,,,,,,,,,,,,,,,48,,50,,11.5,14,5.7,6.6,50,,17.5,21,6.2,7,9.2,11,9.6,11,50,,28,65,11,12.5,28,34,15.5,19.5,19,38,0.5165,0.1914,,,37.3,62.7,4,3,1,1,10,2,3,1,101,176,6,4,,1,,,,10,,,1,2,3,1,,1,2,,25.0,33.3,2,1,2,4,50.0,50.0,7,16,1,3,6,6,,1,1,1,85.1,89.2,6,4,50.0,25.0,27,15,27,15,,2,1,5,,,,,,,,,,,640.89,329.92,,https://www.betfair.es/exchange/plus/es/f%C3%BAtbol/europa-conference-league/aek-de-atenas-celje-apuestas-35366868,Internacional,Conference League
aek-de-atenas-celje-apuestas-35366868,2026-03-19 18:15:43,,,en_juego,29,0,1,2.36,2.56,3.6,3.8,3,3.3,,,,,1.07,1.09,11,15,,,,,,,,,,,,,,,,,,,,,48,,50,,12,15,5.9,6.6,50,,17,21,6.2,7,9.6,11,9.6,11,50,,28,65,10.5,12.5,28,34,15.5,18.5,19,38,0.4687,0.1914,,,36.4,63.6,4,3,1,1,10,2,3,1,102,185,6,4,,1,,,,10,,,1,2,3,1,,1,2,,25.0,33.3,2,1,2,4,50.0,50.0,7,17,1,3,6,6,,1,1,1,85.3,89.2,6,4,50.0,25.0,27,17,27,17,,2,1,5,,,,,,,,,,,650.51,336.71,,https://www.betfair.es/exchange/plus/es/f%C3%BAtbol/europa-conference-league/aek-de-atenas-celje-apuestas-35366868,Internacional,Conference League
aek-de-atenas-celje-apuestas-35366868,2026-03-19 18:17:06,,,en_juego,30,0,1,2.4,2.6,3.55,3.7,3.05,3.2,,,,,1.08,1.1,9.2,14,,,,,,,,,,,,,,,,,,,,,48,,50,,11.5,14,5.7,6.6,50,,16.5,19.5,6.4,7.2,9,10.5,9.6,11,50,,36,60,11.5,13.5,27,34,16.5,19.5,28,38,0.4687,0.1914,,,36.3,63.7,4,3,1,1,10,2,3,1,105,191,7,4,,1,,,,10,,,1,2,3,1,,1,2,,25.0,33.3,2,1,2,5,50.0,40.0,7,19,1,3,6,6,,1,2,1,85.7,89.0,6,4,50.0,25.0,28,17,28,17,,2,1,6,,,,,,,,,,,659.79,344.36,,https://www.betfair.es/exchange/plus/es/f%C3%BAtbol/europa-conference-league/aek-de-atenas-celje-apuestas-35366868,Internacional,Conference League
aek-de-atenas-celje-apuestas-35366868,2026-03-19 18:18:29,,,en_juego,32,0,1,2.6,2.78,3.45,3.65,2.76,2.96,,,,,1.08,1.1,11.5,14,,,,,,,,,,,,,,,,,,,,,48,,50,,11.5,14,5.7,6.6,50,,16.5,19.5,6.4,7.2,9,10.5,9.6,11,50,,36,60,11.5,13.5,27,34,16.5,19.5,28,38,0.4687,0.1914,,,36.7,63.3,4,3,1,1,10,4,3,1,109,195,7,5,,1,,,,10,,,1,2,3,1,,1,2,,25.0,33.3,2,1,4,9,25.0,44.4,10,23,1,3,7,6,,1,2,1,85.3,88.7,7,5,57.1,40.0,30,17,30,17,,2,1,6,,,,,,,,,,,677.37,369.93,,https://www.betfair.es/exchange/plus/es/f%C3%BAtbol/europa-conference-league/aek-de-atenas-celje-apuestas-35366868,Internacional,Conference League
aek-de-atenas-celje-apuestas-35366868,2026-03-19 18:20:02,,,en_juego,33,0,1,2.6,2.82,3.5,3.65,2.76,2.96,,,,,1.09,1.1,10.5,13,,,,,,,,,,,,,,,,,,,,,48,,50,,10.5,12.5,5.5,6.2,50,,15.5,19,6.2,7.2,9,10.5,9.8,11,50,,10.5,60,11.5,13.5,28,36,16.5,21,30,42,0.4687,0.1914,,,36.7,63.3,4,3,1,1,10,4,3,1,109,195,7,5,,1,,,,10,,,1,2,3,1,,1,2,,25.0,33.3,2,1,4,9,25.0,44.4,10,23,1,3,7,6,,1,2,1,85.3,88.7,7,5,57.1,40.0,30,17,30,17,,2,1,6,,,,,,,,,,,700.76,405.78,,https://www.betfair.es/exchange/plus/es/f%C3%BAtbol/europa-conference-league/aek-de-atenas-celje-apuestas-35366868,Internacional,Conference League
aek-de-atenas-celje-apuestas-35366868,2026-03-19 18:21:22,,,en_juego,35,0,1,2.52,2.74,3.5,3.65,2.84,3.15,,,,,1.09,1.1,10.5,13,,,,,,,,,,,,,,,,,,,,,48,,50,,10,12,5.4,6.2,50,,15.5,18.5,6.2,7.2,9,10.5,9.8,11,50,,24,60,11,13.5,26,36,18,21,30,42,0.4687,0.1914,,,35.3,64.7,4,3,1,1,10,6,3,1,112,211,7,5,,1,,,,10,,,1,2,3,1,,1,2,,25.0,33.3,2,1,4,9,25.0,44.4,11,24,1,4,7,8,,1,2,1,84.8,87.7,7,6,57.1,50.0,30,19,30,19,,2,2,6,,,,,,,,,,,716.12,423.25,,https://www.betfair.es/exchange/plus/es/f%C3%BAtbol/europa-conference-league/aek-de-atenas-celje-apuestas-35366868,Internacional,Conference League
aek-de-atenas-celje-apuestas-35366868,2026-03-19 18:23:07,,,en_juego,36,0,1,2.62,2.84,3.4,3.6,2.72,3.1,,,,,1.1,1.15,7.4,10.5,,,,,,,,,,,,,,,,,,,,,48,,50,,9,10.5,5.1,5.6,50,,14.5,18.5,6.2,7,8.6,10.5,10,12.5,50,,23,60,11.5,14,28,38,17,25,30,46,0.4687,0.1914,,,37.1,62.9,4,3,1,1,12,7,3,1,124,216,9,6,,1,,,,10,,,1,2,3,1,,1,2,,25.0,33.3,2,1,5,9,40.0,44.4,12,26,1,5,7,12,,1,2,1,83.1,87.5,7,5,57.1,40.0,36,19,36,19,,2,2,6,,,,,,,,,,,819.21,478.36,,https://www.betfair.es/exchange/plus/es/f%C3%BAtbol/europa-conference-league/aek-de-atenas-celje-apuestas-35366868,Internacional,Conference League
aek-de-atenas-celje-apuestas-35366868,2026-03-19 18:24:00,,,en_juego,37,0,1,2.48,2.88,3.35,3.55,2.74,3.2,,,,,1.1,1.11,9.6,11.5,,,,,,,,,,,,,,,,,,,,,48,,50,,9.4,11,5.1,5.7,50,,15,19,6.2,7,9,10.5,10,12,50,,13.5,85,11.5,13.5,28,40,17,24,30,50,0.4687,0.1914,,,36.7,63.3,4,3,1,1,12,8,3,1,127,224,8,7,1,1,,,10,10,,,1,2,3,1,,1,2,,25.0,33.3,2,1,5,9,40.0,44.4,13,26,1,5,7,12,,1,2,1,83.5,87.5,7,6,57.1,33.3,36,23,36,23,1,2,2,6,,,,,,,,,,,838.30,537.24,,https://www.betfair.es/exchange/plus/es/f%C3%BAtbol/europa-conference-league/aek-de-atenas-celje-apuestas-35366868,Internacional,Conference League
aek-de-atenas-celje-apuestas-35366868,2026-03-19 18:24:53,,,en_juego,38,0,1,2.8,3.1,3.35,3.6,2.54,2.78,,,,,1.11,1.13,7.8,10.5,,,,,,,,,,,,,,,,,,,,,48,,50,,8.8,10.5,5.1,5.6,50,,12,17,6.2,7,8.6,10,10,12.5,50,,25,60,12,14.5,28,38,17,25,30,46,0.4687,0.1914,,,37.7,62.3,5,3,2,1,13,8,3,1,137,231,8,7,1,1,,,10,10,,,1,2,3,1,,1,2,,40.0,33.3,3,1,7,9,42.9,44.4,16,26,1,5,7,11,,1,3,1,83.9,87.4,7,6,57.1,33.3,38,26,38,26,1,2,2,6,,,,,,,,,,,852.75,550.88,,https://www.betfair.es/exchange/plus/es/f%C3%BAtbol/europa-conference-league/aek-de-atenas-celje-apuestas-35366868,Internacional,Conference League
aek-de-atenas-celje-apuestas-35366868,2026-03-19 18:26:36,,,en_juego,39,0,1,2.84,3.05,3.5,3.7,2.46,2.7,,,,,1.11,1.13,7.8,10,,,,,,,,,,,,,,,,,,,,,48,,50,,8.8,10.5,5.1,5.7,50,,13.5,26,6.2,6.8,8.4,9.8,10,12.5,50,,22,85,12,14.5,26,38,19,25,30,46,0.6516,0.1914,,,38.6,61.4,6,3,2,1,16,8,4,1,144,240,8,7,1,1,,,10,10,,,1,2,5,1,,1,3,,33.3,33.3,4,1,7,9,42.9,44.4,19,26,2,5,7,14,,2,3,1,84.0,87.1,11,6,54.5,33.3,41,26,41,26,1,2,2,6,,,,,,,,,,,1000.83,563.16,,https://www.betfair.es/exchange/plus/es/f%C3%BAtbol/europa-conference-league/aek-de-atenas-celje-apuestas-35366868,Internacional,Conference League
aek-de-atenas-celje-apuestas-35366868,2026-03-19 18:27:29,,,en_juego,40,0,1,2.84,3.05,3.5,3.7,2.46,2.7,,,,,1.11,1.14,7.8,10,,,,,,,,,,,,,,,,,,,,,48,,50,,8.8,10,5.1,5.9,50,,13.5,16.5,6.4,7,8.6,9.8,10,12,50,,42,60,12,14.5,29,36,19,25,34,46,0.6516,0.1914,,,38.6,61.4,6,3,2,1,16,8,4,1,144,240,8,7,1,1,,,10,10,,,1,2,5,1,,1,3,,33.3,33.3,4,1,7,9,42.9,44.4,19,26,2,5,7,14,,2,3,1,84.0,87.1,11,6,54.5,33.3,41,26,41,26,1,2,2,6,,,,,,,,,,,1035.10,612.52,,https://www.betfair.es/exchange/plus/es/f%C3%BAtbol/europa-conference-league/aek-de-atenas-celje-apuestas-35366868,Internacional,Conference League
aek-de-atenas-celje-apuestas-35366868,2026-03-19 18:28:21,,,en_juego,41,0,2,2.9,3.2,3.45,3.65,2.44,2.64,,,,,1.11,1.13,8.4,10,,,,,,,,,,,,,,,,,,,,,,,,,,,,,,,,,,,,,,,,,,,,,,,,,,,0.6516,0.1914,,,37.7,62.3,6,4,2,2,16,10,4,1,149,257,8,7,1,1,,,10,10,,1,1,2,5,2,,1,3,,33.3,50.0,4,2,7,9,42.9,44.4,19,27,2,5,7,14,,2,3,1,83.9,87.2,11,6,54.5,33.3,41,29,41,29,1,2,2,6,,,,,,,,,,,1036.12,665.13,,https://www.betfair.es/exchange/plus/es/f%C3%BAtbol/europa-conference-league/aek-de-atenas-celje-apuestas-35366868,Internacional,Conference League
aek-de-atenas-celje-apuestas-35366868,2026-03-19 18:29:14,,,en_juego,42,0,2,2.9,3.25,3.4,3.65,2.44,2.64,,,,,,,,,,,,,,,,,,,,,,,,,,,,,,,,,,,,,,,,,,,,,,,,,,,,,,,,,,,0.6516,0.87,,,38.0,62.0,7,4,2,2,16,9,4,1,150,256,8,8,1,1,,,10,10,,,2,2,6,1,,1,3,,28.6,50.0,4,2,7,9,42.9,44.4,20,27,2,5,7,14,,2,3,1,84.0,87.1,11,6,54.5,33.3,41,28,41,28,1,2,2,6,,,,,,,,,,,1054.38,724.24,,https://www.betfair.es/exchange/plus/es/f%C3%BAtbol/europa-conference-league/aek-de-atenas-celje-apuestas-35366868,Internacional,Conference League
aek-de-atenas-celje-apuestas-35366868,2026-03-19 18:30:06,,,en_juego,43,0,2,7.4,15.5,4.7,9.4,1.21,1.52,,,,,,,,,,,,,,,,,,,,,,,,,,,,,50,,50,,50,,50,,50,,7.2,8.6,50,,4.9,5.5,5.6,6.8,50,,12,16.5,50,,8.8,10.5,11,15,11,14.5,0.6516,0.87,,,37.4,62.6,7,5,2,3,16,10,4,1,151,264,8,8,1,1,,,10,10,,,2,2,6,2,,1,3,,28.6,60.0,4,3,7,9,42.9,44.4,20,28,2,6,7,14,1,2,4,1,83.4,86.7,11,6,54.5,33.3,41,28,41,28,1,2,2,6,,,,,,,,,,,1065.63,648.98,,https://www.betfair.es/exchange/plus/es/f%C3%BAtbol/europa-conference-league/aek-de-atenas-celje-apuestas-35366868,Internacional,Conference League
aek-de-atenas-celje-apuestas-35366868,2026-03-19 18:31:50,,,en_juego,45,0,2,6.8,12,4.9,6.6,1.45,1.52,,,,,,,,,1.14,1.16,6.6,8.4,,,,,,,,,,,,,,,,,,,,,,,,,,,1.02,9.4,,,1.02,6.6,1.02,8.4,,,1.02,21,,,1.02,11.5,1.02,15.5,1.02,15,0.6632,0.972,,,39.2,60.8,8,5,2,3,18,10,4,1,169,272,8,8,1,1,,,10,10,,,3,2,6,2,,1,3,,25.0,60.0,5,3,7,10,42.9,40.0,23,29,4,6,7,14,1,2,5,1,82.8,85.7,11,6,54.5,33.3,49,28,49,28,1,2,3,6,,,,,,,,,,,1083.08,667.29,,https://www.betfair.es/exchange/plus/es/f%C3%BAtbol/europa-conference-league/aek-de-atenas-celje-apuestas-35366868,Internacional,Conference League
aek-de-atenas-celje-apuestas-35366868,2026-03-19 18:32:43,,,en_juego,46,0,2,6.8,12,4.8,6.4,1.46,1.52,,,,,,,,,1.15,1.16,6,8,,,,,,,,,,,,,,,,,50,,50,,50,,50,,50,,7,8,50,,4.8,5.4,6,6.8,50,,12.5,16,50,,9,10.5,11,15,12,14.5,0.7394,0.972,,,39.2,60.8,8,5,2,3,18,10,4,1,169,272,8,8,1,1,,,10,10,,,3,2,6,2,,1,3,,25.0,60.0,5,3,7,10,42.9,40.0,23,29,4,6,7,14,1,2,5,1,82.8,85.7,11,6,54.5,33.3,49,28,49,28,1,2,3,6,,,,,,,,,,,1122.31,672.40,,https://www.betfair.es/exchange/plus/es/f%C3%BAtbol/europa-conference-league/aek-de-atenas-celje-apuestas-35366868,Internacional,Conference League
aek-de-atenas-celje-apuestas-35366868,2026-03-19 18:33:35,,,descanso,,0,2,6.8,10.5,4.8,9.4,1.48,1.53,,,,,,,,,1.14,1.16,6,8.2,,,,,,,,,,,,,,,,,50,,50,,50,,50,,50,,7,8,50,,4.8,5.4,6,6.8,50,,12.5,16,50,,9,10.5,11,15,12,14.5,0.7394,0.972,,,39.6,60.4,8,5,2,3,18,10,4,1,172,274,8,8,1,1,,,10,10,,,3,2,7,2,,1,3,,25.0,60.0,5,3,8,11,50.0,36.4,25,30,4,6,7,14,1,2,5,1,83.1,85.8,12,6,50.0,33.3,52,30,52,30,1,2,3,6,,,,,,,,,,,1151.33,698.84,,https://www.betfair.es/exchange/plus/es/f%C3%BAtbol/europa-conference-league/aek-de-atenas-celje-apuestas-35366868,Internacional,Conference League
aek-de-atenas-celje-apuestas-35366868,2026-03-19 18:34:27,,,descanso,,0,2,7.2,8.2,4.8,5.5,1.48,1.52,,,,,,,,,1.14,1.22,1.5,8,,,,,,,,,,,,,,,,,50,,50,,50,,50,,50,,7,8,50,,4.8,5.4,5.8,6.6,50,,12.5,15,50,,9.2,10.5,11.5,13.5,12,14,0.7394,0.972,,,39.6,60.4,8,5,2,3,18,10,4,1,172,274,8,8,1,1,,,10,10,,,3,2,7,2,,1,3,,25.0,60.0,5,3,8,11,50.0,36.4,25,31,4,6,7,14,1,2,5,1,83.1,85.8,12,6,50.0,33.3,52,30,52,30,1,2,3,6,,,,,,,,,,,1151.88,699.59,,https://www.betfair.es/exchange/plus/es/f%C3%BAtbol/europa-conference-league/aek-de-atenas-celje-apuestas-35366868,Internacional,Conference League
aek-de-atenas-celje-apuestas-35366868,2026-03-19 18:35:15,,,descanso,,0,2,7.2,8.2,4.8,5.4,1.48,1.51,,,,,,,,,1.15,1.16,6.2,8,,,,,,,,,,,,,,,,,50,,50,,50,,50,,50,,7.2,8.2,50,,4.8,5.2,6,6.6,50,,12.5,14.5,50,,9.2,10.5,11.5,13.5,12,14,0.7394,0.972,,,39.4,60.6,8,5,2,3,18,10,4,1,172,276,8,8,1,1,,,10,10,,,3,2,7,2,,1,3,,25.0,60.0,5,3,8,11,50.0,36.4,25,31,4,6,7,14,1,2,5,1,83.1,85.9,12,6,50.0,33.3,52,30,52,30,1,3,3,6,,,,,,,,,,,1151.88,699.59,,https://www.betfair.es/exchange/plus/es/f%C3%BAtbol/europa-conference-league/aek-de-atenas-celje-apuestas-35366868,Internacional,Conference League
aek-de-atenas-celje-apuestas-35366868,2026-03-19 18:35:59,,,descanso,,0,2,7.2,8.4,4.8,5.4,1.48,1.53,,,,,,,,,1.15,1.16,6.2,8,,,,,,,,,,,,,,,,,50,,50,,50,,50,,50,,7.2,8.2,50,,4.8,5.3,6,6.6,50,,12.5,14.5,50,,9.2,10,11.5,13.5,12,14,0.7394,0.972,,,39.5,60.5,8,5,2,3,18,10,4,1,173,276,8,8,1,1,,,10,10,,,3,2,7,2,,1,3,,25.0,60.0,5,3,8,11,50.0,36.4,25,32,4,7,7,14,1,2,5,1,83.2,85.9,12,6,50.0,33.3,53,30,53,30,1,3,3,6,,,,,,,,,,,1151.88,700.74,,https://www.betfair.es/exchange/plus/es/f%C3%BAtbol/europa-conference-league/aek-de-atenas-celje-apuestas-35366868,Internacional,Conference League
aek-de-atenas-celje-apuestas-35366868,2026-03-19 18:36:48,,,descanso,,0,2,7.2,8,4.7,5.4,1.48,1.51,,,,,,,,,1.15,1.16,6.2,8,,,,,,,,,,,,,,,,,50,,50,,50,,50,,50,,7.2,8.2,50,,4.8,5.2,6,6.6,50,,12.5,14.5,50,,9.2,10.5,11.5,13.5,12,14,0.7394,0.972,,,39.5,60.5,8,5,2,3,18,10,4,1,173,276,8,8,1,1,,,10,10,,,3,2,7,2,,1,3,,25.0,60.0,5,3,8,11,50.0,36.4,25,32,4,7,7,14,1,2,5,1,83.2,85.9,12,6,50.0,33.3,53,30,53,30,1,3,3,6,,,,,,,,,,,1151.88,700.74,,https://www.betfair.es/exchange/plus/es/f%C3%BAtbol/europa-conference-league/aek-de-atenas-celje-apuestas-35366868,Internacional,Conference League
aek-de-atenas-celje-apuestas-35366868,2026-03-19 18:38:17,,,descanso,,0,2,7.2,8.4,4.8,5.4,1.48,1.52,,,,,,,,,1.15,1.16,6.2,8,,,,,,,,,,,,,,,,,50,,50,,50,,50,,50,,7.2,8.2,50,,4.8,5.3,6,6.6,50,,12.5,14.5,50,,9.2,10,11.5,13.5,12,14,0.7394,0.972,,,39.5,60.5,8,5,2,3,18,10,4,1,173,276,8,8,1,1,,,10,10,,,3,2,7,2,,1,3,,25.0,60.0,5,3,8,11,50.0,36.4,26,31,5,6,7,14,1,2,5,3,83.2,85.9,12,6,50.0,33.3,53,30,53,30,1,3,3,6,,,,,,,,,,,1151.88,700.74,,https://www.betfair.es/exchange/plus/es/f%C3%BAtbol/europa-conference-league/aek-de-atenas-celje-apuestas-35366868,Internacional,Conference League
aek-de-atenas-celje-apuestas-35366868,2026-03-19 18:39:43,,,descanso,,0,2,7.2,8.2,4.8,5.3,1.48,1.51,,,,,,,,,1.15,1.16,6.2,8,,,,,,,,,,,,,,,,,50,,50,,50,,50,,50,,7.2,8.2,50,,4.8,5.4,6,6.6,50,,12.5,14.5,50,,9.2,10,11.5,13.5,12,14,0.7394,0.972,,,39.4,60.6,8,5,2,3,18,10,4,1,173,277,8,8,1,1,,,10,10,,,3,2,7,2,,1,3,,25.0,60.0,5,3,8,11,50.0,36.4,26,31,5,6,7,14,1,2,6,3,83.2,85.6,12,6,50.0,33.3,53,31,53,31,1,3,3,6,,,,,,,,,,,1151.88,700.74,,https://www.betfair.es/exchange/plus/es/f%C3%BAtbol/europa-conference-league/aek-de-atenas-celje-apuestas-35366868,Internacional,Conference League
aek-de-atenas-celje-apuestas-35366868,2026-03-19 18:41:10,,,descanso,,0,2,7.2,8.2,4.8,5.3,1.48,1.52,,,,,,,,,1.15,1.16,7,8,,,,,,,,,,,,,,,,,50,,50,,50,,50,,50,,7.2,8.2,50,,4.8,5.3,5.9,6.6,50,,12.5,14.5,50,,9.2,10,11.5,13.5,12,14,0.7394,0.972,,,39.4,60.6,8,5,2,3,18,10,4,1,173,277,8,8,1,1,,,10,10,,,3,2,7,2,,1,3,,25.0,60.0,5,3,8,11,50.0,36.4,26,31,5,6,7,14,1,2,6,3,83.2,85.6,12,6,50.0,33.3,53,31,53,31,1,3,3,6,,,,,,,,,,,1151.88,700.74,,https://www.betfair.es/exchange/plus/es/f%C3%BAtbol/europa-conference-league/aek-de-atenas-celje-apuestas-35366868,Internacional,Conference League
aek-de-atenas-celje-apuestas-35366868,2026-03-19 18:42:00,,,descanso,,0,2,7.2,8.2,4.8,5.3,1.48,1.51,,,,,,,,,1.15,1.16,7,8,,,,,,,,,,,,,,,,,50,,50,,50,,50,,50,,7.2,8.2,50,,4.8,5.3,5.9,6.6,50,,12.5,14.5,50,,9.2,10,11.5,13.5,12,14,0.7394,0.972,,,39.4,60.6,8,5,2,3,18,10,4,1,173,277,8,8,1,1,,,10,10,,,3,2,7,2,,1,3,,25.0,60.0,5,3,8,11,50.0,36.4,26,31,5,6,7,14,1,2,6,3,83.2,85.6,12,6,50.0,33.3,53,31,53,31,1,3,3,6,,,,,,,,,,,1151.88,700.74,,https://www.betfair.es/exchange/plus/es/f%C3%BAtbol/europa-conference-league/aek-de-atenas-celje-apuestas-35366868,Internacional,Conference League
aek-de-atenas-celje-apuestas-35366868,2026-03-19 18:42:42,,,descanso,,0,2,7.2,8.2,4.8,5.3,1.49,1.51,,,,,,,,,1.15,1.16,7.2,8,,,,,,,,,,,,,,,,,,,48,,48,,48,,48,,7.2,8.2,48,,4.8,5.3,6,6.6,48,,12.5,14.5,48,,9.2,10,11.5,13.5,12,14,0.6214,0.972,,,39.4,60.6,7,5,2,3,16,10,4,1,173,277,8,8,1,1,,,10,10,,,3,2,6,2,,1,2,,28.6,60.0,4,3,8,11,50.0,36.4,26,31,5,6,7,14,1,2,6,3,83.2,85.9,12,6,41.7,33.3,53,31,53,31,1,3,3,6,,,,,,,,,,,1151.88,700.74,,https://www.betfair.es/exchange/plus/es/f%C3%BAtbol/europa-conference-league/aek-de-atenas-celje-apuestas-35366868,Internacional,Conference League
aek-de-atenas-celje-apuestas-35366868,2026-03-19 18:43:33,,,descanso,,0,2,7.2,8.2,4.8,5.3,1.48,1.51,,,,,,,,,1.15,1.16,7.2,8,,,,,,,,,,,,,,,,,50,,50,,50,,50,,50,,7.2,8.2,50,,4.8,5.1,6,6.6,50,,12.5,14.5,50,,9.2,10,11.5,13.5,12,14,0.6214,0.972,,,39.4,60.6,7,5,2,3,16,10,4,1,173,277,8,8,1,1,,,10,10,,,3,2,6,2,,1,2,,28.6,60.0,4,3,8,11,50.0,36.4,26,31,5,6,7,14,1,2,6,3,83.2,85.9,12,6,41.7,33.3,53,31,53,31,1,3,3,6,,,,,,,,,,,1151.88,700.74,,https://www.betfair.es/exchange/plus/es/f%C3%BAtbol/europa-conference-league/aek-de-atenas-celje-apuestas-35366868,Internacional,Conference League
aek-de-atenas-celje-apuestas-35366868,2026-03-19 18:44:20,,,descanso,,0,2,7.2,8.2,4.7,5.3,1.48,1.51,,,,,,,,,1.15,1.16,7.2,8,,,,,,,,,,,,,,,,,48,,48,,48,,48,,48,,7.2,8.2,48,,4.8,5.3,5.9,6.6,48,,12.5,14.5,48,,9,10,11.5,13.5,12,14.5,0.6214,0.972,,,39.4,60.6,7,5,2,3,16,10,4,1,173,277,8,8,1,1,,,10,10,,,3,2,6,2,,1,2,,28.6,60.0,4,3,8,11,50.0,36.4,26,31,5,6,7,15,1,2,6,3,83.2,85.9,12,6,41.7,33.3,53,31,53,31,1,3,3,6,,,,,,,,,,,1151.88,700.74,,https://www.betfair.es/exchange/plus/es/f%C3%BAtbol/europa-conference-league/aek-de-atenas-celje-apuestas-35366868,Internacional,Conference League
aek-de-atenas-celje-apuestas-35366868,2026-03-19 18:45:03,,,descanso,,0,2,7.2,8,4.8,5.3,1.49,1.51,,,,,,,,,1.15,1.16,7.2,8,,,,,,,,,,,,,,,,,48,,48,,48,,48,,48,,7.2,8.2,48,,4.8,5.3,6,6.6,48,,12.5,14.5,48,,9,10,11.5,13.5,12,14.5,0.6214,0.972,,,39.4,60.6,7,5,2,3,16,10,4,1,173,277,8,8,1,1,,,10,10,,,3,2,6,2,,1,2,,28.6,60.0,4,3,8,11,50.0,36.4,26,31,5,6,7,15,1,2,6,3,83.2,85.9,12,6,41.7,33.3,53,31,53,31,1,3,3,6,,,,,,,,,,,1151.88,700.74,,https://www.betfair.es/exchange/plus/es/f%C3%BAtbol/europa-conference-league/aek-de-atenas-celje-apuestas-35366868,Internacional,Conference League
aek-de-atenas-celje-apuestas-35366868,2026-03-19 18:45:46,,,descanso,,0,2,7.2,8.2,4.8,5.3,1.49,1.51,,,,,,,,,1.15,1.16,7.2,8,,,,,,,,,,,,,,,,,48,,48,,48,,48,,48,,7.2,8.2,48,,4.8,5.3,5.9,6.6,48,,12.5,15,48,,9.2,10.5,11.5,13.5,12,14.5,0.6214,0.972,,,39.4,60.6,7,5,2,3,16,10,4,1,173,277,8,8,1,1,,,10,10,,,3,2,6,2,,1,2,,28.6,60.0,4,3,8,11,50.0,36.4,26,31,5,6,7,15,1,2,6,3,83.2,85.9,12,6,41.7,33.3,53,31,53,31,1,3,3,6,,,,,,,,,,,1151.88,700.74,,https://www.betfair.es/exchange/plus/es/f%C3%BAtbol/europa-conference-league/aek-de-atenas-celje-apuestas-35366868,Internacional,Conference League
aek-de-atenas-celje-apuestas-35366868,2026-03-19 18:46:30,,,descanso,,0,2,7.2,8,4.8,5.3,1.48,1.51,,,,,,,,,1.15,1.16,7.2,8,,,,,,,,,,,,,,,,,48,,48,,48,,48,,48,,7.2,8,48,,4.8,5.3,5.9,6.6,48,,12.5,15,48,,9.2,10.5,11,13.5,12,14.5,0.6214,0.972,,,39.4,60.6,7,5,2,3,16,10,4,1,173,277,8,8,1,1,,,10,10,,,3,2,6,2,,1,2,,28.6,60.0,4,3,8,11,50.0,36.4,26,31,5,6,7,15,1,2,6,3,83.2,85.9,12,6,41.7,33.3,53,31,53,31,1,3,3,6,,,,,,,,,,,1151.88,700.74,,https://www.betfair.es/exchange/plus/es/f%C3%BAtbol/europa-conference-league/aek-de-atenas-celje-apuestas-35366868,Internacional,Conference League
aek-de-atenas-celje-apuestas-35366868,2026-03-19 18:47:26,,,descanso,,0,2,7.2,8,4.8,5.3,1.48,1.51,,,,,,,,,1.15,1.16,7.2,8,,,,,,,,,,,,,,,,,48,,48,,48,,48,,48,,7.2,8.2,48,,4.8,5.3,5.9,6.6,48,,12.5,15,48,,9.2,10.5,11.5,13.5,12,14.5,0.6214,0.972,,,39.4,60.6,7,5,2,3,16,10,4,1,173,277,8,8,1,1,,,10,10,,,3,2,6,2,,1,2,,28.6,60.0,4,3,8,11,50.0,36.4,26,31,5,6,7,15,1,2,6,3,83.2,85.9,12,6,41.7,33.3,53,31,53,31,1,3,3,6,,,,,,,,,,,1151.88,700.74,,https://www.betfair.es/exchange/plus/es/f%C3%BAtbol/europa-conference-league/aek-de-atenas-celje-apuestas-35366868,Internacional,Conference League
aek-de-atenas-celje-apuestas-35366868,2026-03-19 18:48:14,,,descanso,,0,2,7.2,8.2,4.8,5.3,1.49,1.51,,,,,,,,,1.15,1.16,7.2,8,,,,,,,,,,,,,,,,,48,,48,,48,,48,,48,,7.2,8.2,48,,4.8,5.3,5.9,6.6,48,,12.5,15,48,,9.2,10.5,11.5,13.5,12,14.5,0.6214,0.972,,,39.4,60.6,7,5,2,3,16,10,4,1,173,277,8,8,1,1,,,10,10,,,3,2,6,2,,1,2,,28.6,60.0,4,3,8,11,50.0,36.4,26,31,5,6,7,15,1,2,6,3,83.2,85.9,12,6,41.7,33.3,53,31,53,31,1,3,3,6,,,,,,,,,,,1151.88,700.74,,https://www.betfair.es/exchange/plus/es/f%C3%BAtbol/europa-conference-league/aek-de-atenas-celje-apuestas-35366868,Internacional,Conference League
aek-de-atenas-celje-apuestas-35366868,2026-03-19 18:49:06,,,en_juego,45,0,2,7.2,8.2,4.8,5.3,1.49,1.51,,,,,,,,,1.15,1.16,7.2,8,,,,,,,,,,,,,,,,,48,,48,,48,,48,,48,,7.2,8.2,48,,4.8,5.3,5.9,6.6,48,,12.5,15,48,,9.2,10.5,11,13.5,12,14.5,0.5547,1.1802,,,39.4,60.6,7,5,2,3,16,10,4,1,173,278,8,8,1,1,,,10,10,,,3,2,6,2,,1,2,,28.6,60.0,4,3,8,11,50.0,36.4,26,31,5,6,7,15,1,2,6,3,83.2,86.0,12,6,41.7,33.3,53,31,53,31,1,3,3,6,,,,,,,,,,,1151.88,700.74,,https://www.betfair.es/exchange/plus/es/f%C3%BAtbol/europa-conference-league/aek-de-atenas-celje-apuestas-35366868,Internacional,Conference League
aek-de-atenas-celje-apuestas-35366868,2026-03-19 18:50:53,,,en_juego,46,0,2,7.2,8.2,4.8,5.3,1.46,1.52,,,,,,,,,1.14,1.16,7,8.2,,,,,,,,,,,,,,,,,48,,48,,48,,48,,48,,7.4,8.2,48,,4.8,5.4,6,6.6,48,,12.5,15,48,,9,10.5,11.5,13.5,12,14.5,0.6415,1.1802,,,39.6,60.4,8,5,2,3,18,10,4,1,179,284,8,8,1,1,,,10,10,,,3,2,6,2,,1,3,,25.0,60.0,5,3,9,12,55.6,33.3,27,32,5,6,7,16,1,2,6,3,82.7,85.9,12,6,41.7,33.3,54,31,54,31,1,3,3,8,,,,,,,,,,,1247.31,706.50,,https://www.betfair.es/exchange/plus/es/f%C3%BAtbol/europa-conference-league/aek-de-atenas-celje-apuestas-35366868,Internacional,Conference League
aek-de-atenas-celje-apuestas-35366868,2026-03-19 18:52:13,,,en_juego,48,0,2,7,8.2,4.6,5.3,1.49,1.54,,,,,,,,,1.15,1.17,6.2,7.4,,,,,,,,,,,,,,,,,48,,48,,48,,48,,48,,6.6,7.6,48,,4.6,5.2,5.8,6.6,48,,12.5,16,48,,9,10.5,11,13.5,12.5,15,0.6415,1.1802,,,40.6,59.4,9,5,3,3,18,10,4,1,187,284,8,8,1,1,,,10,10,,,3,2,6,2,,1,3,,33.3,60.0,5,3,9,13,55.6,38.5,28,33,6,6,7,16,1,3,6,3,82.9,85.9,12,6,41.7,33.3,55,31,55,31,1,3,5,8,,,,,,,,,,,1273.42,709.75,,https://www.betfair.es/exchange/plus/es/f%C3%BAtbol/europa-conference-league/aek-de-atenas-celje-apuestas-35366868,Internacional,Conference League
aek-de-atenas-celje-apuestas-35366868,2026-03-19 18:53:42,,,en_juego,49,0,2,7.4,8.8,4.8,5.3,1.45,1.5,,,,,,,,,1.16,1.2,5.9,7.2,,,,,,,,,,,,,,,,,48,,48,,48,,48,,48,,6.6,7.4,48,,4.6,5.1,5.8,6.4,48,,12.5,15,48,,9.2,10.5,12,13.5,13,15,0.7302,1.1802,,,39.2,60.8,9,5,3,3,18,10,4,1,188,303,8,8,1,1,,,10,10,,,3,2,8,2,,1,3,,33.3,60.0,5,3,10,13,50.0,38.5,29,33,6,6,8,16,1,3,7,3,82.4,86.5,12,6,41.7,33.3,55,31,55,31,1,3,5,9,,,,,,,,,,,1292.54,728.00,,https://www.betfair.es/exchange/plus/es/f%C3%BAtbol/europa-conference-league/aek-de-atenas-celje-apuestas-35366868,Internacional,Conference League
aek-de-atenas-celje-apuestas-35366868,2026-03-19 18:55:22,,,en_juego,50,0,2,7.6,8.6,4.8,5.3,1.46,1.49,,,,,,,,,1.18,1.19,5.7,6.8,,,,,,,,,,,,,,,,,48,,48,,48,,48,,48,,5.7,6.4,48,,4.3,4.7,5.8,6.6,48,,12,14,48,,9.2,10.5,12.5,15.5,13.5,16.5,0.7302,1.1802,,,39.3,60.7,9,5,3,3,18,10,4,1,201,322,8,8,1,1,,,10,10,,,3,2,8,2,,1,3,,33.3,60.0,5,3,10,13,50.0,38.5,29,33,6,6,8,16,1,3,8,3,83.1,86.3,12,6,41.7,33.3,55,31,55,31,1,3,5,9,,,,,,,,,,,1298.09,730.85,,https://www.betfair.es/exchange/plus/es/f%C3%BAtbol/europa-conference-league/aek-de-atenas-celje-apuestas-35366868,Internacional,Conference League
aek-de-atenas-celje-apuestas-35366868,2026-03-19 18:57:02,,,en_juego,52,0,2,8.6,9.8,5.1,5.6,1.42,1.45,,,,,,,,,1.2,1.25,5,6.2,,,,,,,,,,,,,,,,,48,,48,,48,,48,,48,,5.7,6.6,48,,4.3,4.7,5.8,6.6,48,,11.5,15,48,,9.2,10.5,12,15.5,13.5,16.5,0.7474,1.1802,,,39.5,60.5,10,5,3,3,18,10,4,1,207,328,8,8,1,1,,,10,10,,,4,2,9,2,,1,3,,30.0,60.0,5,3,12,12,58.3,41.7,31,32,6,6,8,16,1,4,8,4,82.6,86.3,12,6,41.7,33.3,59,31,59,31,1,4,5,9,,,,,,,,,,,1332.51,740.73,,https://www.betfair.es/exchange/plus/es/f%C3%BAtbol/europa-conference-league/aek-de-atenas-celje-apuestas-35366868,Internacional,Conference League
aek-de-atenas-celje-apuestas-35366868,2026-03-19 18:58:42,,,en_juego,54,0,2,6.8,9.4,4.7,5.5,1.43,1.5,,,,,,,,,1.18,1.23,5.1,6.6,,,,,,,,,,,,,,,,,48,,48,,48,,48,,48,,5.4,6.4,48,,4.2,4.6,5.8,6.6,48,,12,15.5,48,,9.4,11,12,15.5,14,17.5,0.8076,1.1802,,,40.8,59.2,11,5,4,3,19,10,6,1,214,328,8,8,1,1,,,10,10,,,4,2,10,2,,1,3,,36.4,60.0,6,3,12,12,58.3,41.7,31,34,6,8,8,21,1,4,8,4,83.2,86.3,17,6,29.4,33.3,62,31,62,31,1,4,5,9,,,,,,,,,,,1422.31,752.11,,https://www.betfair.es/exchange/plus/es/f%C3%BAtbol/europa-conference-league/aek-de-atenas-celje-apuestas-35366868,Internacional,Conference League
aek-de-atenas-celje-apuestas-35366868,2026-03-19 19:00:27,,,en_juego,55,0,2,7.6,9.8,4.9,5.5,1.42,1.47,,,,,,,,,1.24,1.28,5,5.5,,,,,,,,,,,,,,,,,48,,48,,48,,48,,48,,4.7,5.4,48,,3.95,4.4,5.7,6.4,48,,12,14.5,48,,10,12,12.5,15,17,20,0.8076,1.1802,,,41.8,58.2,11,5,4,3,19,10,6,1,224,331,8,8,1,1,,,10,10,,,4,2,10,2,,1,3,,36.4,60.0,6,3,12,12,58.3,41.7,31,34,6,8,8,22,1,4,8,4,83.9,86.1,19,6,26.3,33.3,65,31,65,31,1,4,6,9,,,,,,,,,,,1458.29,754.79,,https://www.betfair.es/exchange/plus/es/f%C3%BAtbol/europa-conference-league/aek-de-atenas-celje-apuestas-35366868,Internacional,Conference League
aek-de-atenas-celje-apuestas-35366868,2026-03-19 19:02:01,,,en_juego,57,0,2,8.6,11,5,5.9,1.38,1.46,,,,,,,,,1.23,1.28,5,5.6,,,,,,,,,,,,,,,,,48,,48,,48,,48,,48,,4.7,5.1,48,,3.85,4.2,5.4,6.4,48,,12,14.5,48,,10.5,12,13.5,16,17.5,21,0.8076,1.1802,,,42.3,57.7,11,5,4,3,20,10,6,1,242,348,8,8,1,1,,,10,10,,,4,2,10,2,,1,3,,36.4,60.0,6,3,12,14,58.3,42.9,31,36,6,8,8,22,1,4,8,4,83.9,85.3,19,6,26.3,33.3,73,31,73,31,1,4,6,9,,,,,,,,,,,1506.20,759.16,,https://www.betfair.es/exchange/plus/es/f%C3%BAtbol/europa-conference-league/aek-de-atenas-celje-apuestas-35366868,Internacional,Conference League
aek-de-atenas-celje-apuestas-35366868,2026-03-19 19:03:35,,,en_juego,58,0,2,10,23,5.1,7.2,1.35,1.4,,,,,,,,,1.28,1.32,3.9,4.6,,,,,,,,,,,,,,,,,48,,48,,48,,48,,48,,4.7,5.1,48,,3.85,4.2,5.4,6.4,48,,12,14.5,48,,10.5,12,13.5,16,17.5,21,0.8076,1.1802,,,42.7,57.3,11,5,4,3,20,10,7,1,244,348,9,8,1,1,,,10,10,,,4,2,10,2,,1,3,,36.4,60.0,6,3,12,14,58.3,42.9,31,37,6,8,8,24,1,4,8,5,84.0,85.3,21,6,23.8,33.3,75,31,75,31,1,4,6,9,,,,,,,,,,,1541.97,765.72,,https://www.betfair.es/exchange/plus/es/f%C3%BAtbol/europa-conference-league/aek-de-atenas-celje-apuestas-35366868,Internacional,Conference League
aek-de-atenas-celje-apuestas-35366868,2026-03-19 19:05:10,,,en_juego,61,0,2,9.6,23,5,7.2,1.34,1.41,,,,,,,,,1.29,1.5,2.98,4.5,,,,,,,,,,,,,,,,,50,,50,,50,,50,,50,,4.1,4.5,50,,3.65,4.1,5.8,6.6,50,,12,15,50,,11,13,14.5,18.5,20,25,0.8076,1.1802,,,43.3,56.7,11,5,4,3,20,10,7,1,262,363,10,9,1,1,,,10,10,,,4,2,10,2,,1,3,,36.4,60.0,6,3,12,14,58.3,42.9,34,38,7,8,8,24,1,4,9,6,84.0,85.4,21,6,23.8,33.3,75,31,75,31,1,4,6,9,,,,,,,,,,,1612.20,775.45,,https://www.betfair.es/exchange/plus/es/f%C3%BAtbol/europa-conference-league/aek-de-atenas-celje-apuestas-35366868,Internacional,Conference League
aek-de-atenas-celje-apuestas-35366868,2026-03-19 19:06:44,,,en_juego,62,0,2,11,23,5.3,7.2,1.32,1.38,,,,,,,,,1.32,1.36,3.75,4.3,,,,,,,,,,,,,,,,,50,,50,,50,,50,,50,,3.7,4.1,50,,3.5,4,6.2,7.4,50,,11,13.5,50,,10,13,17,22,20,32,0.8076,1.1802,,,43.3,56.7,11,5,4,3,20,10,7,1,262,363,10,9,1,1,,,10,10,,,4,2,10,2,,1,3,,36.4,60.0,6,3,12,14,58.3,42.9,34,38,7,8,8,24,1,4,9,6,84.0,85.4,21,6,23.8,33.3,75,31,75,31,1,4,6,9,,,,,,,,,,,1617.47,778.82,,https://www.betfair.es/exchange/plus/es/f%C3%BAtbol/europa-conference-league/aek-de-atenas-celje-apuestas-35366868,Internacional,Conference League
aek-de-atenas-celje-apuestas-35366868,2026-03-19 19:08:26,,,en_juego,63,0,2,13,17,5.9,6.6,1.28,1.31,,,,,,,,,1.33,1.38,3.65,4.1,,,,,,,,,,,,,,,,,50,,50,,50,,50,,50,,3.5,3.85,50,,3.5,3.8,6.2,7,50,,11.5,14,50,,11.5,14,18.5,22,24,30,0.8076,1.1802,,,43.8,56.2,11,5,4,3,20,10,7,1,268,364,10,9,1,1,,,10,10,,,4,2,10,2,,1,3,,36.4,60.0,6,3,13,14,61.5,42.9,35,38,7,8,9,25,1,4,9,7,84.0,85.2,22,6,22.7,33.3,78,31,78,31,1,4,6,9,,,,,,,,,,,1635.93,782.52,,https://www.betfair.es/exchange/plus/es/f%C3%BAtbol/europa-conference-league/aek-de-atenas-celje-apuestas-35366868,Internacional,Conference League
aek-de-atenas-celje-apuestas-35366868,2026-03-19 19:09:11,,,en_juego,64,0,2,15,21,6.2,7.4,1.25,1.29,,,,,,,,,1.37,1.41,3.35,3.8,,,,,,,,,,,,,,,,,50,,50,,50,,50,,50,,3.4,3.7,50,,3.45,3.8,6.2,7.2,50,,11.5,13.5,50,,12,14,19,25,26,34,0.8076,1.1802,,,42.6,57.4,11,5,4,3,20,10,7,1,270,386,10,9,1,1,,,10,10,,,4,2,10,2,,1,3,,36.4,60.0,6,3,13,14,61.5,42.9,35,39,7,8,9,25,1,4,9,7,83.3,85.8,22,6,22.7,33.3,78,31,78,31,1,4,6,10,,,,,,,,,,,1640.42,786.44,,https://www.betfair.es/exchange/plus/es/f%C3%BAtbol/europa-conference-league/aek-de-atenas-celje-apuestas-35366868,Internacional,Conference League
aek-de-atenas-celje-apuestas-35366868,2026-03-19 19:09:56,,,en_juego,65,0,2,13,17,5.9,6.6,1.28,1.31,,,,,,,,,1.4,1.48,3.05,3.55,,,,,,,,,,,,,,,,,50,,50,,50,,50,,50,,3.3,3.65,50,,3.5,3.95,6.4,7.8,50,,10,13.5,50,,11,14,20,36,23,36,0.8076,1.1802,,,42.6,57.4,11,5,4,3,20,10,7,1,270,386,10,9,1,1,,,10,10,,,4,2,10,2,,1,3,,36.4,60.0,6,3,13,14,61.5,42.9,35,39,7,8,9,25,1,4,9,7,83.3,85.8,22,6,22.7,33.3,78,31,78,31,1,4,6,10,,,,,,,,,,,1642.32,788.36,,https://www.betfair.es/exchange/plus/es/f%C3%BAtbol/europa-conference-league/aek-de-atenas-celje-apuestas-35366868,Internacional,Conference League
aek-de-atenas-celje-apuestas-35366868,2026-03-19 19:10:43,,,en_juego,66,0,2,16,22,6.4,7.2,1.24,1.27,,,,,,,,,1.41,,3.05,3.45,,,,,,,,,,,,,,,,,50,,50,,50,,50,,50,,3.15,3.45,50,,3.35,3.65,6.2,7.6,50,,11,15,50,,13,15.5,20,27,25,40,0.8076,1.1802,,,43.3,56.7,11,5,4,3,20,10,7,1,280,388,10,10,1,1,,,10,10,,,4,2,10,2,,1,3,,36.4,60.0,6,3,13,14,61.5,42.9,37,39,7,8,9,25,1,4,9,7,83.9,85.8,23,6,21.7,33.3,80,31,80,31,1,4,7,10,,,,,,,,,,,1651.72,789.33,,https://www.betfair.es/exchange/plus/es/f%C3%BAtbol/europa-conference-league/aek-de-atenas-celje-apuestas-35366868,Internacional,Conference League
aek-de-atenas-celje-apuestas-35366868,2026-03-19 19:12:11,,,en_juego,67,0,2,15,22,6.4,7.4,1.25,1.28,,,,,,,,,1.45,1.63,2.58,3.25,,,,,,,,,,,,,,,,,50,,50,,50,,50,,50,,2.88,3.25,50,,3.35,3.65,6.6,7.8,50,,11.5,14.5,50,,14,16.5,22,32,29,44,0.8076,1.1802,,,43.1,56.9,11,5,4,3,20,10,7,1,280,391,10,11,1,1,,,10,10,,,4,2,10,2,,1,3,,36.4,60.0,6,3,13,14,61.5,42.9,38,39,7,8,9,25,1,4,9,7,83.9,85.9,23,6,21.7,33.3,80,31,80,31,1,4,7,10,,,,,,,,,,,1685.41,790.88,,https://www.betfair.es/exchange/plus/es/f%C3%BAtbol/europa-conference-league/aek-de-atenas-celje-apuestas-35366868,Internacional,Conference League
aek-de-atenas-celje-apuestas-35366868,2026-03-19 19:13:34,,,en_juego,68,0,2,18.5,23,6.4,7.4,1.22,1.26,,,,,,,,,1.48,1.57,2.74,3.1,,,,,,,,,,,,,,,,,50,,50,,50,,50,,50,,2.78,3.05,50,,3.3,3.6,7,8.6,50,,11.5,14.5,50,,15,17.5,22,34,29,60,0.8076,1.1802,,,44.6,55.4,11,5,4,3,21,10,8,1,299,393,10,11,1,1,,,10,10,,,4,2,10,2,,1,3,,36.4,60.0,6,3,13,15,61.5,46.7,38,40,7,8,9,27,1,4,9,7,84.9,86.0,25,6,20.0,33.3,85,31,85,31,1,4,7,10,,,,,,,,,,,1751.00,800.00,,https://www.betfair.es/exchange/plus/es/f%C3%BAtbol/europa-conference-league/aek-de-atenas-celje-apuestas-35366868,Internacional,Conference League
aek-de-atenas-celje-apuestas-35366868,2026-03-19 19:15:03,,,en_juego,70,0,2,19,28,7,7.8,1.2,1.24,,,,,,,,,1.54,1.66,2.48,2.86,,,,,,,,,,,,,,,,,50,,50,,50,,50,,50,,2.58,2.76,50,,3.25,3.55,7.8,9,50,,12,14,50,,16,19,27,38,38,55,0.8076,1.1802,,,44.6,55.4,11,5,4,3,21,10,8,1,299,393,10,11,1,1,,,10,10,,,4,2,10,2,,1,3,,36.4,60.0,6,3,13,15,61.5,46.7,38,40,7,8,9,27,1,4,9,7,84.9,86.0,25,6,20.0,33.3,85,31,85,31,1,4,7,10,,,,,,,,,,,1769.54,805.92,,https://www.betfair.es/exchange/plus/es/f%C3%BAtbol/europa-conference-league/aek-de-atenas-celje-apuestas-35366868,Internacional,Conference League
aek-de-atenas-celje-apuestas-35366868,2026-03-19 19:15:48,,,en_juego,71,0,2,23,32,7.6,9,1.17,1.2,,,,,,,,,1.52,1.65,2.54,2.9,,,,,,,,,,,,,,,,,,,,,,,,,,,2.46,2.92,,,3.1,3.9,6.6,10.5,,,,16.5,,,,22,,48,,85,0.8076,1.1802,,,44.5,55.5,12,5,4,3,21,10,8,1,309,408,10,11,1,1,,,10,10,,,5,2,10,2,,1,3,,33.3,60.0,6,3,16,15,56.2,46.7,41,41,7,9,10,27,1,4,10,7,85.1,86.3,25,6,20.0,33.3,86,32,86,32,2,4,7,12,,,,,,,,,,,1779.17,810.87,,https://www.betfair.es/exchange/plus/es/f%C3%BAtbol/europa-conference-league/aek-de-atenas-celje-apuestas-35366868,Internacional,Conference League
aek-de-atenas-celje-apuestas-35366868,2026-03-19 19:16:33,,,en_juego,72,0,2,25,,7.8,,,1.19,,,,,,,,,1.64,1.91,2.1,2.58,,,,,,,,,,,,,,,,,,,,,,,,,,,1.37,2.92,,,3.1,3.75,1.37,11,,,1.37,16.5,,,,22,1.37,55,1.37,85,0.8076,1.1802,,,44.5,55.5,12,5,4,3,21,10,8,1,309,408,10,11,1,1,,,10,10,,,5,2,10,2,,1,3,,33.3,60.0,6,3,16,15,56.2,46.7,41,41,7,9,10,27,1,4,10,7,85.1,86.3,25,6,20.0,33.3,86,32,86,32,2,4,7,12,,,,,,,,,,,1790.08,813.57,,https://www.betfair.es/exchange/plus/es/f%C3%BAtbol/europa-conference-league/aek-de-atenas-celje-apuestas-35366868,Internacional,Conference League
aek-de-atenas-celje-apuestas-35366868,2026-03-19 19:18:04,,,en_juego,73,0,2,27,,8.4,24,1.14,1.18,,,,,,,,,1.64,2.06,1.96,2.58,,,,,,,,,,,,,,,,,,,,,,,,,,,2.46,3.15,,,3.1,3.8,6.6,,,,,16.5,,,,22,,48,,85,0.8294,1.1802,,,45.1,54.9,12,5,4,3,22,10,9,1,320,412,10,11,1,1,,,10,10,,,5,2,11,2,,1,3,,33.3,60.0,6,3,15,15,60.0,46.7,41,41,8,9,10,29,1,4,10,7,85.0,86.2,26,6,19.2,33.3,90,32,90,32,2,5,8,12,,,,,,,,,,,1806.90,815.67,,https://www.betfair.es/exchange/plus/es/f%C3%BAtbol/europa-conference-league/aek-de-atenas-celje-apuestas-35366868,Internacional,Conference League
aek-de-atenas-celje-apuestas-35366868,2026-03-19 19:19:34,,,en_juego,74,0,2,40,,9.4,32,1.11,1.15,,,,,,,,,1.64,2.06,1.96,2.58,,,,,,,,,,,,,,,,,48,,50,,50,,50,,50,,2.18,2.34,50,,3.1,3.75,8.4,11.5,50,,11.5,15,50,,20,25,22,65,32,95,0.8294,1.1802,,,45.3,54.7,12,5,4,3,22,10,9,1,324,416,10,11,1,1,,,10,10,,,5,2,11,2,,1,3,,33.3,60.0,6,3,15,15,60.0,46.7,41,41,8,9,10,30,1,4,10,6,85.2,86.1,28,6,17.9,33.3,93,32,93,32,2,6,8,12,,,,,,,,,,,1858.41,818.09,,https://www.betfair.es/exchange/plus/es/f%C3%BAtbol/europa-conference-league/aek-de-atenas-celje-apuestas-35366868,Internacional,Conference League
aek-de-atenas-celje-apuestas-35366868,2026-03-19 19:20:18,,,en_juego,75,0,2,26,,8.2,11,1.16,1.19,,,,,,,,,1.77,2.24,1.82,2.3,,,,,,,,,,,,,,,,,48,,50,,50,,50,,50,,2.14,2.32,50,,3.2,3.65,8.8,14,50,,11.5,15,50,,20,29,22,70,32,130,0.8294,1.1802,,,44.6,55.4,12,5,4,3,22,10,9,1,324,428,10,11,1,1,,,10,10,,,5,2,11,2,,1,3,,33.3,60.0,6,3,15,15,60.0,46.7,41,41,8,9,10,30,1,4,10,6,85.2,86.2,28,6,17.9,33.3,93,32,93,32,2,6,8,12,,,,,,,,,,,1860.99,819.80,,https://www.betfair.es/exchange/plus/es/f%C3%BAtbol/europa-conference-league/aek-de-atenas-celje-apuestas-35366868,Internacional,Conference League
aek-de-atenas-celje-apuestas-35366868,2026-03-19 19:21:03,,,en_juego,76,0,2,40,75,10,32,1.1,1.14,,,,,,,,,1.71,2.04,1.97,2.4,,,,,,,,,,,,,,,,,48,,50,,50,,50,,50,,1.98,2.16,50,,3.35,3.85,10,,50,,11.5,16,50,,19.5,30,36,,50,130,0.8294,1.1802,,,44.6,55.4,12,5,4,3,22,10,9,1,324,428,10,11,1,1,,,10,10,,,5,2,11,2,,1,3,,33.3,60.0,6,3,15,15,60.0,46.7,41,41,8,9,10,30,1,4,10,6,85.2,86.2,28,6,17.9,33.3,93,32,93,32,2,6,8,12,,,,,,,,,,,1871.12,821.60,,https://www.betfair.es/exchange/plus/es/f%C3%BAtbol/europa-conference-league/aek-de-atenas-celje-apuestas-35366868,Internacional,Conference League
aek-de-atenas-celje-apuestas-35366868,2026-03-19 19:22:29,,,en_juego,77,0,2,42,90,11,15,1.09,1.12,,,,,,,,,2.04,2.44,1.69,1.98,,,,,,,,,,,,,,,,,48,,50,,50,,50,,50,,1.91,2.02,50,,3.45,3.9,11.5,16,50,,11.5,14.5,50,,24,36,50,110,50,160,0.8294,1.1802,,,43.5,56.5,12,5,4,3,22,10,9,1,327,453,10,11,1,1,,,10,10,,,5,2,11,2,,1,3,,33.3,60.0,6,3,15,15,60.0,46.7,41,41,8,9,11,31,1,4,10,6,84.7,86.8,28,6,17.9,33.3,93,34,93,34,2,6,8,13,,,,,,,,,,,1877.31,831.71,,https://www.betfair.es/exchange/plus/es/f%C3%BAtbol/europa-conference-league/aek-de-atenas-celje-apuestas-35366868,Internacional,Conference League
aek-de-atenas-celje-apuestas-35366868,2026-03-19 19:23:52,,,en_juego,79,0,2,48,190,14,22,1.06,1.09,,,,,,,,,2.04,2.44,1.69,1.98,,,,,,,,,,,,,,,,,48,,50,,50,,50,,50,,1.76,2.1,50,,3.55,4.1,12.5,19.5,50,,11,15.5,50,,17.5,40,48,190,48,250,0.8294,1.1802,,,43.5,56.5,12,5,4,3,22,10,9,1,327,453,10,11,1,1,,,10,10,,,5,2,11,2,,1,3,,33.3,60.0,6,3,15,15,60.0,46.7,41,41,8,9,11,31,1,4,10,6,84.7,86.8,28,6,17.9,33.3,93,34,93,34,2,6,8,13,,,,,,,,,,,1882.13,841.82,,https://www.betfair.es/exchange/plus/es/f%C3%BAtbol/europa-conference-league/aek-de-atenas-celje-apuestas-35366868,Internacional,Conference League
aek-de-atenas-celje-apuestas-35366868,2026-03-19 19:25:15,,,en_juego,80,0,2,48,,12.5,32,1.07,1.1,,,,,,,,,2.32,2.88,1.53,1.76,,,,,,,,,,,,,,,,,,,,,,,,,,,1.63,1.81,,,3.8,4.8,16.5,32,,,11.5,18,,,24,55,28,290,85,370,0.8294,1.1802,,,42.8,57.2,12,5,4,3,22,10,9,1,335,476,10,11,1,1,,,10,10,,,5,2,11,2,,1,3,,33.3,60.0,6,3,16,15,62.5,46.7,43,41,8,9,11,31,1,4,10,6,85.1,86.6,28,6,17.9,33.3,93,34,93,34,2,6,9,13,,,,,,,,,,,1892.35,845.87,,https://www.betfair.es/exchange/plus/es/f%C3%BAtbol/europa-conference-league/aek-de-atenas-celje-apuestas-35366868,Internacional,Conference League
aek-de-atenas-celje-apuestas-35366868,2026-03-19 19:26:00,,,en_juego,81,0,2,48,190,14.5,22,1.06,1.08,,,,,,,,,2.36,2.88,1.54,1.73,,,,,,,,,,,,,,,,,,,,,,,,,,,1.54,2.8,,,3.6,,10,,,,10.5,,,,24,42,28,240,85,,0.8294,1.1802,,,43.2,56.8,12,5,4,3,22,10,9,1,344,480,10,12,1,1,,,10,10,,,5,2,11,2,,1,3,,33.3,60.0,6,3,16,15,62.5,46.7,43,41,8,9,11,31,1,4,10,6,85.2,86.5,28,6,17.9,33.3,93,34,93,34,2,6,9,14,,,,,,,,,,,1896.09,847.67,,https://www.betfair.es/exchange/plus/es/f%C3%BAtbol/europa-conference-league/aek-de-atenas-celje-apuestas-35366868,Internacional,Conference League
aek-de-atenas-celje-apuestas-35366868,2026-03-19 19:27:30,,,en_juego,82,0,2,50,290,18,28,1.04,1.07,,,,,,,,,2.64,3.4,1.51,1.61,,,,,,,,,,,,,,,,,,,,,,,,,,,1.55,1.83,,,3.7,5,10.5,,,,11.5,17.5,,,24,55,28,290,85,370,0.8294,1.1802,,,42.8,57.2,12,5,4,3,22,11,9,1,347,492,10,12,1,1,,,10,10,,,5,2,11,2,,1,3,,33.3,60.0,6,3,16,15,62.5,46.7,43,41,8,9,11,31,1,4,11,6,84.7,86.4,28,6,17.9,33.3,93,35,93,35,2,6,9,15,,,,,,,,,,,1903.59,853.37,,https://www.betfair.es/exchange/plus/es/f%C3%BAtbol/europa-conference-league/aek-de-atenas-celje-apuestas-35366868,Internacional,Conference League
aek-de-atenas-celje-apuestas-35366868,2026-03-19 19:28:17,,,en_juego,83,0,2,50,290,18,28,1.04,1.06,,,,,,,,,2.46,2.96,1.51,1.69,,,,,,,,,,,,,,,,,50,,50,,50,,50,,50,,1.53,1.62,50,,4.2,5.2,16.5,40,50,,10.5,16,50,,24,,50,540,50,,0.8294,1.1802,,,42.8,57.2,12,5,4,3,22,11,9,1,347,492,10,12,1,1,,,10,10,,,5,2,11,2,,1,3,,33.3,60.0,6,3,16,15,62.5,46.7,43,41,8,9,11,31,1,4,11,6,84.7,86.4,28,6,17.9,33.3,93,35,93,35,2,6,9,15,,,,,,,,,,,1940.85,861.15,,https://www.betfair.es/exchange/plus/es/f%C3%BAtbol/europa-conference-league/aek-de-atenas-celje-apuestas-35366868,Internacional,Conference League
aek-de-atenas-celje-apuestas-35366868,2026-03-19 19:30:23,,,en_juego,85,0,2,50,,10,60,,1.04,,,,,,,,,2.78,4.1,1.32,1.56,,,,,,,,,,,,,,,,,,,,,,,,,,,1.43,1.61,,,4.1,6.6,12.5,60,,,8.6,22,,,20,120,55,,85,,0.8294,1.2148,,,42.3,57.7,12,6,4,3,24,11,9,1,365,528,10,12,1,1,,,10,10,,,5,3,11,3,,1,3,,33.3,50.0,6,3,16,16,62.5,50.0,45,43,9,9,11,33,1,4,11,6,85.2,86.9,29,6,17.2,33.3,99,40,99,40,3,6,10,15,,,,,,,,,,,1970.91,888.19,,https://www.betfair.es/exchange/plus/es/f%C3%BAtbol/europa-conference-league/aek-de-atenas-celje-apuestas-35366868,Internacional,Conference League
aek-de-atenas-celje-apuestas-35366868,2026-03-19 19:31:44,,,en_juego,87,0,2,50,,10,120,1.01,1.04,,,,,,,,,3.6,6.2,1.24,1.38,,,,,,,,,,,,,,,,,,,,,,,,,,,,1.73,,,4.7,,,,,,,,,,,,,,,,0.8294,1.2148,,,41.7,58.3,12,6,4,3,24,11,9,1,368,547,10,13,1,1,,,10,10,,,5,3,11,3,,1,3,,33.3,50.0,6,3,16,16,62.5,50.0,45,43,9,9,11,33,1,4,11,6,85.3,87.2,29,6,17.2,33.3,99,40,99,40,3,6,10,16,,,,,,,,,,,1986.53,899.17,,https://www.betfair.es/exchange/plus/es/f%C3%BAtbol/europa-conference-league/aek-de-atenas-celje-apuestas-35366868,Internacional,Conference League
aek-de-atenas-celje-apuestas-35366868,2026-03-19 19:33:58,,,en_juego,88,0,2,50,,42,,,1.03,,,,,,,,,3.15,6.6,1.18,1.31,,,,,,,,,,,,,,,,,,,,,,,,,,,1.06,1.51,,,5.2,23,46,,,,13,65,,,36,,100,,100,,0.8294,1.2148,,,41.8,58.2,12,6,4,3,24,12,9,1,383,565,10,13,1,1,,,10,10,,,5,3,11,3,,1,3,,33.3,50.0,6,4,16,16,62.5,50.0,45,43,9,9,11,33,1,4,12,6,85.6,87.3,29,6,17.2,33.3,99,41,99,41,3,6,10,16,,,,,,,,,,,2000.85,909.70,,https://www.betfair.es/exchange/plus/es/f%C3%BAtbol/europa-conference-league/aek-de-atenas-celje-apuestas-35366868,Internacional,Conference League
aek-de-atenas-celje-apuestas-35366868,2026-03-19 19:34:43,,,en_juego,90,0,2,50,,42,,,1.03,,,,,,,,,1.07,,1.05,1.2,,,,,,,,,,,,,,,,,,,,,,,,,,,,1.51,,,5.2,,46,,,,13,,,,36,,100,,100,,0.8294,1.2148,,,42.3,57.7,12,6,4,3,26,12,9,1,394,569,10,13,1,1,,,10,10,,,5,3,11,3,,1,3,,33.3,50.0,6,4,17,17,58.8,52.9,46,44,9,9,11,33,1,5,12,6,86.0,87.2,29,6,17.2,33.3,102,41,102,41,3,6,10,16,,,,,,,,,,,2038.86,916.71,,https://www.betfair.es/exchange/plus/es/f%C3%BAtbol/europa-conference-league/aek-de-atenas-celje-apuestas-35366868,Internacional,Conference League
aek-de-atenas-celje-apuestas-35366868,2026-03-19 19:36:50,,,en_juego,92,0,2,48,,48,,,1.01,,,,,,,,,1.08,36,1.05,1.17,,,,,,,,,,,,,,,,,,,,,,,,,,,,,,,,,,,,,,,,,,,,,,,0.9784,1.2148,,,42.8,57.2,14,6,5,3,28,12,11,1,405,572,10,13,1,1,,,10,10,1,,5,3,13,3,,1,4,,35.7,50.0,8,4,17,18,58.8,55.6,46,45,9,9,11,34,1,5,12,6,86.2,86.7,30,6,16.7,33.3,110,41,110,41,3,6,10,16,,,,,,,,,,,2096.97,935.22,,https://www.betfair.es/exchange/plus/es/f%C3%BAtbol/europa-conference-league/aek-de-atenas-celje-apuestas-35366868,Internacional,Conference League
aek-de-atenas-celje-apuestas-35366868,2026-03-19 19:37:39,,,finalizado,,0,2,48,,48,,,1.01,,,,,,,,,1.08,36,1.05,1.17,,,,,,,,,,,,,,,,,,,,,,,,,,,,,,,,,,,,,,,,,,,,,,,0.9802,1.2148,,,42.8,57.2,14,6,5,3,28,12,11,1,405,572,10,13,1,1,,,10,10,1,,5,3,13,3,,1,4,,35.7,50.0,8,4,17,18,58.8,55.6,46,45,9,9,11,34,1,5,12,6,86.2,86.7,30,6,16.7,33.3,110,41,110,41,3,6,10,16,,,,,,,,,,,2142.26,940.09,,https://www.betfair.es/exchange/plus/es/f%C3%BAtbol/europa-conference-league/aek-de-atenas-celje-apuestas-35366868,Internacional,Conference League
