fecha,partido,liga,estrategia,tipo,minuto,odds,won,pl,pl_acum,ft_score,riesgo,xg_total,xg_excess,sot_max,drift_pct,match_id
2026-02-12 21:26,Brentford Arsenal 35212180,,xG Underperf,BACK,68.0,1.64,SI,+0.58,+0.58,,,,0.57,,,brentford-arsenal-apuestas-35212180
2026-02-12 21:36,Brentford Arsenal 35212180,,Pressure Cooker,BACK,71,2.02,NO,-1.00,-0.42,,,,,,,brentford-arsenal-apuestas-35212180
2026-02-12 23:37,Athletico Pr Santos 35207628,,Pressure Cooker,BACK,66,1.96,SI,+0.87,+0.45,,,,,,,athletico-pr-santos-apuestas-35207628
2026-02-13 00:12,Fluminense Botafogo Fr 35248598,,LAY Over 1.5,LAY,75,3.30,SI,+0.95,+1.40,,,1.86,,,,fluminense-botafogo-fr-apuestas-35248598
2026-02-13 00:32,Corinthians Red Bull Bragantino 35207556,,xG Underperf,BACK,64.0,1.69,SI,+0.63,+2.03,,,,1.24,,,corinthians-red-bull-bragantino-apuestas-35207556
2026-02-13 19:08,Fortuna Dusseldorf Preussen Munster 35243,,LAY Over 1.5,LAY,75,1.34,SI,+0.95,+2.98,,,1.98,,,,fortuna-dusseldorf-preussen-munster-apuestas-35243
2026-02-14 01:18,Liverpool Montevideo Defensor Sp 35238332,,Goal Clustering,BACK,43,2.26,SI,+1.15,+4.13,,,,,3,,liverpool-montevideo-defensor-sp-apuestas-35238332
2026-02-14 02:43,America De Cali Sa Santa Fe 35238051,,LAY Over 1.5,LAY,75,1.62,SI,+0.95,+5.08,,,1.71,,,,america-de-cali-sa-santa-fe-apuestas-35238051
2026-02-14 12:49,Braunschweig Darmstadt 35243475,,Goal Clustering,BACK,45,1.86,SI,+0.78,+5.86,,,,,4,,braunschweig-darmstadt-apuestas-35243475
2026-02-14 13:17,Reading Wycombe 35240945,,Goal Clustering,BACK,43,2.06,SI,+0.97,+6.83,,,,,3,,reading-wycombe-apuestas-35240945
2026-02-14 13:17,hertha-berlín-hannover-apuestas-35243477,,Goal Clustering,BACK,52,1.84,SI,+0.76,+7.59,,,,,4,,hertha-berlín-hannover-apuestas-35243477
2026-02-14 14:06,Stevenage Huddersfield 35240941,,LAY Over 1.5,LAY,76,1.83,SI,+0.95,+8.54,,,1.68,,,,stevenage-huddersfield-apuestas-35240941
2026-02-14 14:18,cska-1948-sofia-cska-sofía-apuestas-3523,,LAY Over 2.5 Def,LAY,71,2.58,SI,+0.95,+9.49,,,0,,,,cska-1948-sofia-cska-sofía-apuestas-35239870
2026-02-14 14:31,Espanyol Celta De Vigo 35216696,,Pressure Cooker,BACK,66,2.64,SI,+1.51,+11.00,,,,,,,espanyol-celta-de-vigo-apuestas-35216696
2026-02-14 15:41,Hoffenheim Friburgo 35217452,,Goal Clustering,BACK,45,1.75,SI,+0.68,+11.68,,,,,3,,hoffenheim-friburgo-apuestas-35217452
2026-02-14 21:22,Fc Groningen Utrecht 35216585,,xG Underperf,BACK,65.0,1.61,SI,+0.55,+12.23,,,,1.86,,,fc-groningen-utrecht-apuestas-35216585
2026-02-15 05:36,Kamatamare Sanuki Toyama 35265771,,Goal Clustering,BACK,28,3.80,SI,+2.58,+14.82,,,,,3,,kamatamare-sanuki-toyama-apuestas-35265771
2026-02-15 05:38,Tegevajaro Miyazaki Tottori 35265891,,Goal Clustering,BACK,30,1.97,SI,+0.88,+15.70,,,,,6,,tegevajaro-miyazaki-tottori-apuestas-35265891
2026-02-15 05:47,Tokushima Albirex Niigata 35265824,,Goal Clustering,BACK,40,2.60,SI,+1.47,+17.17,,,,,3,,tokushima-albirex-niigata-apuestas-35265824
2026-02-15 05:48,Renofa Yamaguchi Mio Biwako Shiga 3526582,,Goal Clustering,BACK,40,1.74,SI,+0.67,+17.85,,,,,3,,renofa-yamaguchi-mio-biwako-shiga-apuestas-3526582
2026-02-15 05:51,Fc Osaka Kochi Univ 35265821,,Goal Clustering,BACK,45,2.24,SI,+1.14,+18.99,,,,,3,,fc-osaka-kochi-univ-apuestas-35265821
2026-02-15 06:15,Ehime Kanazawa 35265809,,Goal Clustering,BACK,46,2.02,SI,+0.93,+19.92,,,,,3,,ehime-kanazawa-apuestas-35265809
2026-02-15 06:33,Tosu Kumamoto 35265823,,LAY Over 2.5 Def,LAY,70,2.36,SI,+0.95,+20.87,,,0,,,,tosu-kumamoto-apuestas-35265823
2026-02-15 09:44,Arema Cronus Semen Padang 35243387,,Goal Clustering,BACK,51,1.82,SI,+0.74,+21.61,,,,,3,,arema-cronus-semen-padang-apuestas-35243387
2026-02-15 11:28,Lokomotiv Plovdiv Cherno More Varna 35243,,LAY Over 2.5 Def,LAY,70,3.10,SI,+0.95,+22.56,,,0,,,,lokomotiv-plovdiv-cherno-more-varna-apuestas-35243
2026-02-15 13:24,Thun Sion 35258535,,Momentum xG V1,BACK,23,1.70,SI,+0.64,+23.20,,none,,,,,thun-sion-apuestas-35258535
2026-02-15 13:38,mirandés-las-palmas-apuestas-35247639,,Momentum xG V1,BACK,37,2.68,NO,-1.00,+22.20,,none,,,,,mirandés-las-palmas-apuestas-35247639
2026-02-15 14:20,Oviedo Athletic De Bilbao 35216603,,Goal Clustering,BACK,57,2.36,SI,+1.24,+23.44,,,,,3,,oviedo-athletic-de-bilbao-apuestas-35216603
2026-02-15 14:29,mirandés-las-palmas-apuestas-35247639,,LAY Over 2.5 Def,LAY,70,2.86,SI,+0.95,+24.39,,,0.92,,,,mirandés-las-palmas-apuestas-35247639
2026-02-15 14:31,Oviedo Athletic De Bilbao 35216603,,Pressure Cooker,BACK,67,2.36,SI,+1.24,+25.63,,,,,,,oviedo-athletic-de-bilbao-apuestas-35216603
2026-02-15 14:31,Olympiakos Nicosia Fc Omonia Fc Aradippou Apuestas,,LAY Over 2.5 Def,LAY,70,2.66,SI,+0.95,+26.58,,,0,,,,olympiakos-nicosia-fc-omonia-fc-aradippou-apuestas
2026-02-15 14:31,Thun Sion 35258535,,LAY Over 2.5 Def,LAY,71,1.68,SI,+0.95,+27.53,,,1.14,,,,thun-sion-apuestas-35258535
2026-02-15 14:33,Goztepe Kayserispor 35247853,,Momentum xG V1,BACK,29,1.94,NO,-1.00,+26.53,,none,,,,,goztepe-kayserispor-apuestas-35247853
2026-02-15 14:49,Parma Verona 35215939,,Goal Clustering,BACK,43,2.72,SI,+1.59,+28.12,,,,,3,,parma-verona-apuestas-35215939
2026-02-15 15:18,Stoke Fulham 35172767,,Goal Clustering,BACK,56,1.80,SI,+0.72,+28.84,,,,,5,,stoke-fulham-apuestas-35172767
2026-02-15 15:26,Odense Midtjylland 35244627,,Goal Clustering,BACK,19,2.58,SI,+1.45,+30.29,,,,,6,,odense-midtjylland-apuestas-35244627
2026-02-15 15:29,Parma Verona 35215939,,Pressure Cooker,BACK,66,2.72,SI,+1.59,+31.88,,,,,,,parma-verona-apuestas-35215939
2026-02-15 15:35,us-cremonese-génova-apuestas-35215933,,LAY Over 1.5,LAY,76,1.58,SI,+0.95,+32.83,,,2.7,,,,us-cremonese-génova-apuestas-35215933
2026-02-15 15:37,Oxford United Sunderland 35172773,,LAY Over 1.5,LAY,76,1.44,SI,+0.95,+33.78,,,1.94,,,,oxford-united-sunderland-apuestas-35172773
2026-02-15 15:41,Goztepe Kayserispor 35247853,,LAY Over 1.5,LAY,75,1.48,SI,+0.95,+34.73,,,1.41,,,,goztepe-kayserispor-apuestas-35247853
2026-02-15 15:43,Le Havre Toulouse 35216498,,Odds Drift,BACK,77.0,2.92,SI,+1.77,+36.50,,none,,,,43.1,le-havre-toulouse-apuestas-35216498
2026-02-15 15:52,Mlada Boleslav Teplice 35244135,,Momentum xG V1,BACK,61,2.08,NO,-1.00,+35.50,,none,,,,,mlada-boleslav-teplice-apuestas-35244135
2026-02-15 15:54,Univ De Concepcion Deportes Concepcion 35,,Goal Clustering,BACK,45,2.02,SI,+0.93,+36.43,,,,,3,,univ-de-concepcion-deportes-concepcion-apuestas-35
2026-02-15 16:00,Augsburgo Heidenheim 35217437,,LAY Over 2.5 Def,LAY,70,1.86,SI,+0.95,+37.38,,,0.93,,,,augsburgo-heidenheim-apuestas-35217437
2026-02-15 16:03,Mlada Boleslav Teplice 35244135,,LAY Over 2.5 Def,LAY,71,2.32,SI,+0.95,+38.33,,,0.94,,,,mlada-boleslav-teplice-apuestas-35244135
2026-02-15 16:07,Motherwell Aberdeen 35257642,,LAY Over 1.5,LAY,76,1.27,NO,-0.27,+38.06,,,2.46,,,,motherwell-aberdeen-apuestas-35257642
2026-02-15 17:40,Lorient Angers 35216803,,Goal Clustering,BACK,57,2.68,NO,-1.00,+37.06,,,,,3,,lorient-angers-apuestas-35216803
2026-02-15 18:35,Viborg Brondby 35244371,,LAY Over 2.5 Def,LAY,73,1.85,SI,+0.95,+38.01,,,1.11,,,,viborg-brondby-apuestas-35244371
2026-02-15 19:10,Paok Aek De Atenas 35216981,,LAY Over 1.5,LAY,76,1.55,SI,+0.95,+38.96,,,1.45,,,,paok-aek-de-atenas-apuestas-35216981
2026-02-15 20:15,Sint Truidense Zulte Waregem 35245430,,Pressure Cooker,BACK,69,1.99,SI,+0.90,+39.86,,,,,,,sint-truidense-zulte-waregem-apuestas-35245430
2026-02-15 21:17,Mallorca Betis 35216706,,xG Underperf,BACK,54.0,2.22,SI,+1.12,+40.98,,,,0.53,,,mallorca-betis-apuestas-35216706
2026-02-15 23:59,Red Bull Bragantino Novorizontino 3524529,,Momentum xG V1,BACK,23,1.66,SI,+0.60,+41.58,,none,,,,,red-bull-bragantino-novorizontino-apuestas-3524529
2026-02-16 00:44,colo-colo-unión-la-calera-apuestas-35244,,Momentum xG V1,BACK,50,1.71,NO,-1.00,+40.58,,none,,,,,colo-colo-unión-la-calera-apuestas-35244756
2026-02-16 01:14,Botafogo Sp Capivariano Sp 35245279,,LAY Over 1.5,LAY,75,9.40,SI,+0.95,+41.53,,,1.63,,,,botafogo-sp-capivariano-sp-apuestas-35245279
2026-02-16 16:22,Hermannstadt Cfr Cluj 35247993,,xG Underperf,BACK,56.0,1.60,NO,-1.00,+40.53,,,,0.88,,,hermannstadt-cfr-cluj-apuestas-35247993
2026-02-16 16:35,Modern Sport Fc Kahraba Ismailia 35248915,,LAY Over 2.5 Def,LAY,70,8.60,SI,+0.95,+41.48,,,0.96,,,,modern-sport-fc-kahraba-ismailia-apuestas-35248915
2026-02-16 16:42,Hermannstadt Cfr Cluj 35247993,,LAY Over 1.5,LAY,75,2.80,SI,+0.95,+42.43,,,2.19,,,,hermannstadt-cfr-cluj-apuestas-35247993
2026-02-16 18:41,Enppi National Bank 35255322,,Momentum xG V1,BACK,40,3.80,NO,-1.00,+41.43,,none,,,,,enppi-national-bank-apuestas-35255322
2026-02-16 19:08,Sonderjyske Silkeborg 35244497,,Momentum xG V1,BACK,47,4.50,SI,+3.24,+44.67,,none,,,,,sonderjyske-silkeborg-apuestas-35244497
2026-02-16 19:33,Enppi National Bank 35255322,,LAY Over 2.5 Def,LAY,70,4.00,SI,+0.95,+45.62,,,0.62,,,,enppi-national-bank-apuestas-35255322
2026-02-16 20:11,Cagliari Lecce 35216885,,Momentum xG V1,BACK,23,3.95,SI,+2.73,+48.34,,none,,,,,cagliari-lecce-apuestas-35216885
2026-02-16 20:46,Rio Ave Moreirense 35247028,,Odds Drift,BACK,30.0,2.08,SI,+0.99,+49.33,,none,,,,37.7,rio-ave-moreirense-apuestas-35247028
2026-02-16 21:18,Coventry Middlesbrough 35239500,,Goal Clustering,BACK,55,1.76,SI,+0.68,+50.02,,,,,3,,coventry-middlesbrough-apuestas-35239500
2026-02-16 23:28,Albion Fc Cerro 35242273,,LAY Over 2.5 Def,LAY,70,9.60,NO,-8.60,+41.42,,,0,,,,albion-fc-cerro-apuestas-35242273
2026-02-17 10:27,Fc Machida Chengdu Rongcheng 35273391,,Goal Clustering,BACK,24,1.75,SI,+0.68,+42.10,,,,,3,,fc-machida-chengdu-rongcheng-apuestas-35273391
2026-02-17 10:46,Fc Seoul Hiroshima 35273415,,xG Underperf,BACK,45.0,1.91,SI,+0.83,+42.93,,,,0.54,,,fc-seoul-hiroshima-apuestas-35273415
2026-02-17 16:37,Al Sadd Al Ittihad 35273530,,Goal Clustering,BACK,32,2.36,SI,+1.24,+44.17,,,,,3,,al-sadd-al-ittihad-apuestas-35273530
2026-02-17 21:07,Barrow Harrogate Town 35263010,,xG Underperf,BACK,62.0,1.55,NO,-1.00,+43.17,,,,0.75,,,barrow-harrogate-town-apuestas-35263010
2026-02-17 21:12,Cambridge United Colchester 35263012,,Pressure Cooker,BACK,65,1.90,NO,-1.00,+42.17,,,,,,,cambridge-united-colchester-apuestas-35263012
2026-02-17 21:13,Bradford Stockport 35268022,,LAY Over 2.5 Def,LAY,70,9.00,SI,+0.95,+43.12,,,0,,,,bradford-stockport-apuestas-35268022
2026-02-17 21:17,Burton Albion Rotherham 35253017,,LAY Over 2.5 Def,LAY,70,7.60,SI,+0.95,+44.07,,,1.11,,,,burton-albion-rotherham-apuestas-35253017
2026-02-17 21:18,Chesterfield Gillingham 35263011,,LAY Over 1.5,LAY,75,2.12,SI,+0.95,+45.02,,,2.24,,,,chesterfield-gillingham-apuestas-35263011
2026-02-17 21:19,Tranmere Accrington 35263115,,LAY Over 1.5,LAY,76,2.34,SI,+0.95,+45.97,,,2.19,,,,tranmere-accrington-apuestas-35263115
2026-02-17 21:21,Exeter Wycombe 35268035,,LAY Over 1.5,LAY,75,2.40,SI,+0.95,+46.92,,,1.25,,,,exeter-wycombe-apuestas-35268035
2026-02-17 21:21,Mk Dons Crawley 35262998,,LAY Over 1.5,LAY,75,8.80,SI,+0.95,+47.87,,,1.25,,,,mk-dons-crawley-apuestas-35262998
2026-02-17 21:22,Crewe Fleetwood Town 35263118,,LAY Over 1.5,LAY,75,2.72,SI,+0.95,+48.82,,,1.84,,,,crewe-fleetwood-town-apuestas-35263118
2026-02-17 21:23,Barrow Harrogate Town 35263010,,LAY Over 1.5,LAY,76,2.58,SI,+0.95,+49.77,,,1.47,,,,barrow-harrogate-town-apuestas-35263010
2026-02-17 21:32,Blackpool Mansfield 35268023,,LAY Over 2.5 Def,LAY,71,8.40,SI,+0.95,+50.72,,,0.84,,,,blackpool-mansfield-apuestas-35268023
2026-02-17 21:34,Reading Bolton 35268029,,LAY Over 2.5 Def,LAY,70,4.70,SI,+0.95,+51.67,,,1.18,,,,reading-bolton-apuestas-35268029
2026-02-17 21:36,Benfica Real Madrid 35207328,,LAY Over 1.5,LAY,75,1.76,SI,+0.95,+52.62,,,1.37,,,,benfica-real-madrid-apuestas-35207328
2026-02-17 23:34,Carabobo Huachipato 35074301,,LAY Over 2.5 Def,LAY,71,9.00,SI,+0.95,+53.57,,,1.03,,,,carabobo-huachipato-apuestas-35074301
2026-02-18 02:00,Liverpool Montevideo Ind Medellin 3507430,,Pressure Cooker,BACK,65,2.16,SI,+1.06,+54.63,,,,,,,liverpool-montevideo-ind-medellin-apuestas-3507430
2026-02-18 14:00,Persib Bandung Ratchaburi 35281004,,LAY Over 1.5,LAY,75,2.28,SI,+0.95,+55.59,,,1.45,,,,persib-bandung-ratchaburi-apuestas-35281004
2026-02-18 18:41,Al Ahli Qat Sepahan 35281006,,Momentum xG V1,BACK,26,4.30,NO,-1.00,+54.59,,none,,,,,al-ahli-qat-sepahan-apuestas-35281006
2026-02-18 20:36,Levante Villarreal 35242977,,LAY Over 1.5,LAY,75,2.96,SI,+0.95,+55.53,,,1.97,,,,levante-villarreal-apuestas-35242977
2026-02-18 23:42,ohiggins-bahía-apuestas-35076765,,LAY Over 1.5,LAY,75,2.74,SI,+0.95,+56.48,,,1.19,,,,ohiggins-bahía-apuestas-35076765
2026-02-19 19:16,Zrinjski Crystal Palace 35187500,,Pressure Cooker,BACK,65,1.89,NO,-1.00,+55.48,,,,,,,zrinjski-crystal-palace-apuestas-35187500
2026-02-19 19:18,Brann Bologna 35247720,,LAY Over 2.5 Def,LAY,71,7.80,SI,+0.95,+56.44,,,0.92,,,,brann-bologna-apuestas-35247720
2026-02-19 21:05,Pharco Fc Petrojet 35260504,,xG Underperf,BACK,66.0,1.62,SI,+0.56,+56.99,,,,0.53,,,pharco-fc-petrojet-apuestas-35260504
2026-02-19 21:08,Al Ahly Cairo El Gounah 35260500,,LAY Over 1.5,LAY,76,2.34,SI,+0.95,+57.95,,,1.4,,,,al-ahly-cairo-el-gounah-apuestas-35260500
2026-02-19 21:35,Lille Estrella Roja 35239505,,LAY Over 1.5,LAY,75,2.06,SI,+0.95,+58.90,,,1.28,,,,lille-estrella-roja-apuestas-35239505
2026-02-19 21:39,Kf Drita Celje 35194711,,Pressure Cooker,BACK,74,2.26,SI,+1.15,+60.05,,,,,,,kf-drita-celje-apuestas-35194711
2026-02-20 00:15,Athletico Pr Corinthians 35232858,,LAY Over 1.5,LAY,76,2.62,SI,+0.95,+60.99,,,1.94,,,,athletico-pr-corinthians-apuestas-35232858
2026-02-20 16:15,Cherno More Varna Botev Vratsa 35246972,,Goal Clustering,BACK,24,1.77,NO,-1.00,+59.99,,,,,3,,cherno-more-varna-botev-vratsa-apuestas-35246972
2026-02-20 19:09,bochum-núremberg-apuestas-35263854,,Pressure Cooker,BACK,71,2.02,NO,-1.00,+58.99,,,,,,,bochum-núremberg-apuestas-35263854
2026-02-20 19:25,Rodez Montpellier 35266151,,Momentum xG V1,BACK,24,2.90,SI,+1.75,+60.74,,none,,,,,rodez-montpellier-apuestas-35266151
2026-02-20 19:29,Dunkerque Bastia 35273785,,Momentum xG V1,BACK,28,3.60,NO,-1.00,+59.74,,none,,,,,dunkerque-bastia-apuestas-35273785
2026-02-20 20:06,Boulogne Clermont 35263818,,Momentum xG V1,BACK,48,4.10,SI,+2.87,+62.61,,none,,,,,boulogne-clermont-apuestas-35263818
2026-02-20 20:06,Mainz Hamburgo 35244047,,Momentum xG V1,BACK,25,3.40,NO,-1.00,+61.61,,none,,,,,mainz-hamburgo-apuestas-35244047
2026-02-20 20:39,Rodez Montpellier 35266151,,LAY Over 1.5,LAY,77,2.68,SI,+0.95,+62.56,,,1.35,,,,rodez-montpellier-apuestas-35266151
2026-02-20 21:40,Athletic De Bilbao Elche 35245234,,Pressure Cooker,BACK,69,2.30,SI,+1.19,+63.75,,,,,,,athletic-de-bilbao-elche-apuestas-35245234
2026-02-21 00:38,Instituto Atl Tucuman 35252275,,Pressure Cooker,BACK,65,2.16,SI,+1.06,+64.81,,,,,,,instituto-atl-tucuman-apuestas-35252275
2026-02-21 17:57,West Ham Bournemouth 35240880,,Momentum xG V1,BACK,25,2.82,NO,-1.00,+63.81,,none,,,,,west-ham-bournemouth-apuestas-35240880
2026-02-21 19:37,Toulouse Paris Fc 35243052,,LAY Over 1.5,LAY,75,2.22,NO,-1.22,+62.59,,,2.65,,,,toulouse-paris-fc-apuestas-35243052
2026-02-21 21:17,St Louis City Sc Charlotte Fc 35189525,,Pressure Cooker,BACK,74,2.18,NO,-1.00,+61.59,,,,,,,st-louis-city-sc-charlotte-fc-apuestas-35189525
2026-02-21 21:42,las-palmas-castellón-apuestas-35272365,,LAY Over 1.5,LAY,75,2.26,NO,-1.26,+60.33,,,2.18,,,,las-palmas-castellón-apuestas-35272365
2026-02-21 22:38,Ohiggins Colo Colo 35272765,,LAY Over 1.5,LAY,76,9.20,SI,+0.95,+61.28,,,1.3,,,,ohiggins-colo-colo-apuestas-35272765
2026-02-22 03:10,Austin Fc Minnesota Utd 35189679,,Pressure Cooker,BACK,66,2.02,SI,+0.93,+62.22,,,,,,,austin-fc-minnesota-utd-apuestas-35189679
2026-02-22 11:00,Kayserispor Antalyaspor 35270464,,Momentum xG V1,BACK,28,2.22,SI,+1.12,+63.34,,none,,,,,kayserispor-antalyaspor-apuestas-35270464
2026-02-22 12:23,Rasi Salai United Fc Esan Pattaya 3529119,,Goal Clustering,BACK,54,2.76,NO,-1.00,+62.34,,,,,6,,rasi-salai-united-fc-esan-pattaya-apuestas-3529119
2026-02-22 14:35,Getafe Sevilla 35244724,,LAY Over 2.5 Def,LAY,71,9.00,SI,+0.95,+63.29,,,0.32,,,,getafe-sevilla-apuestas-35244724
2026-02-22 15:09,Wattens Sv Ried 35243316,,Pressure Cooker,BACK,71,2.48,NO,-1.00,+62.29,,,,,,,wattens-sv-ried-apuestas-35243316
2026-02-22 15:34,atalanta-nápoles-apuestas-35245356,,Pressure Cooker,BACK,65,1.91,SI,+0.83,+63.11,,,,,,,atalanta-nápoles-apuestas-35245356
2026-02-22 15:35,Ofi Panathinaikos 35243505,,LAY Over 2.5 Def,LAY,71,8.20,SI,+0.95,+64.06,,,0.95,,,,ofi-panathinaikos-apuestas-35243505
2026-02-22 16:32,La Serena Univ De Concepcion 35272763,,Pressure Cooker,BACK,65,1.92,NO,-1.00,+63.06,,,,,,,la-serena-univ-de-concepcion-apuestas-35272763
2026-02-22 16:39,Livingston Rangers 35273832,,LAY Falso Fav,LAY,81,1.29,SI,+0.95,+64.01,,,,,,,livingston-rangers-apuestas-35273832
2026-02-22 17:17,Az Alkmaar Sparta Rotterdam 35243141,,xG Underperf,BACK,69.0,1.57,SI,+0.51,+64.53,,,,0.5,,,az-alkmaar-sparta-rotterdam-apuestas-35243141
2026-02-22 17:25,Az Alkmaar Sparta Rotterdam 35243141,,LAY Over 1.5,LAY,76,2.20,NO,-1.20,+63.33,,,1.28,,,,az-alkmaar-sparta-rotterdam-apuestas-35243141
2026-02-22 17:43,Reggiana Calcio Avellino Ssd 35271866,,Pressure Cooker,BACK,65,2.10,NO,-1.00,+62.33,,,,,,,reggiana-calcio-avellino-ssd-apuestas-35271866
2026-02-22 17:51,Angers Lille 35243046,,LAY Over 1.5,LAY,75,2.28,SI,+0.95,+63.27,,,2.52,,,,angers-lille-apuestas-35243046
2026-02-22 18:01,St Pauli Werder Bremen 35244116,,Pressure Cooker,BACK,65,1.96,SI,+0.87,+64.15,,,,,,,st-pauli-werder-bremen-apuestas-35244116
2026-02-22 19:03,Racing De Santander Burgos 35271752,,LAY Over 2.5 Def,LAY,70,8.60,SI,+0.95,+65.10,,,0.87,,,,racing-de-santander-burgos-apuestas-35271752
2026-02-22 19:37,Estoril Gil Vicente 35271813,,Pressure Cooker,BACK,66,1.84,SI,+0.76,+65.86,,,,,,,estoril-gil-vicente-apuestas-35271813
2026-02-22 20:31,Novorizontino Santos 35276018,,Pressure Cooker,BACK,65,1.85,SI,+0.77,+66.63,,,,,,,novorizontino-santos-apuestas-35276018
2026-02-22 21:43,juventude-grêmio-apuestas-35272704,,Momentum xG V1,BACK,42,5.50,NO,-1.00,+65.63,,none,,,,,juventude-grêmio-apuestas-35272704
2026-02-22 22:07,Oporto Rio Ave 35273775,,LAY Over 1.5,LAY,76,2.00,SI,+0.95,+66.58,,,1.38,,,,oporto-rio-ave-apuestas-35273775
2026-02-22 22:09,Audax Italiano Everton De Vina 35272581,,Momentum xG V1,BACK,45,2.48,SI,+1.36,+67.94,,none,,,,,audax-italiano-everton-de-vina-apuestas-35272581
2026-02-22 22:35,Vasco Da Gama Fluminense 35280181,,LAY Over 2.5 Def,LAY,70,7.80,SI,+0.95,+68.89,,,0.87,,,,vasco-da-gama-fluminense-apuestas-35280181
2026-02-22 22:36,juventude-grêmio-apuestas-35272704,,Pressure Cooker,BACK,71,2.02,NO,-1.00,+67.89,,,,,,,juventude-grêmio-apuestas-35272704
2026-02-22 22:44,Audax Italiano Everton De Vina 35272581,,LAY Over 1.5,LAY,79,2.70,SI,+0.95,+68.84,,,2.17,,,,audax-italiano-everton-de-vina-apuestas-35272581
2026-02-23 01:10,Portuguesa Sp Corinthians 35275959,,LAY Over 1.5,LAY,75,2.10,NO,-1.10,+67.74,,,2.64,,,,portuguesa-sp-corinthians-apuestas-35275959
2026-02-23 19:05,Fiorentina Pisa 35245379,,LAY Over 2.5 Def,LAY,70,6.60,SI,+0.95,+68.69,,,1.18,,,,fiorentina-pisa-apuestas-35245379
2026-02-23 19:38,Brondby Sonderjyske 35275500,,LAY Over 1.5,LAY,75,8.60,SI,+0.95,+69.64,,,1.96,,,,brondby-sonderjyske-apuestas-35275500
2026-02-23 21:02,Kahraba Ismailia El Geish 35276446,,Pressure Cooker,BACK,66,2.30,SI,+1.19,+70.83,,,,,,,kahraba-ismailia-el-geish-apuestas-35276446
2026-02-23 21:09,cádiz-sociedad-b-apuestas-35274211,,LAY Over 1.5,LAY,75,2.34,NO,-1.34,+69.48,,,1.81,,,,cádiz-sociedad-b-apuestas-35274211
2026-02-23 21:16,Le Mans Guingamp 35273823,,Pressure Cooker,BACK,66,2.20,NO,-1.00,+68.48,,,,,,,le-mans-guingamp-apuestas-35273823
2026-02-23 21:32,alavés-girona-apuestas-35244729,,Pressure Cooker,BACK,67,1.97,SI,+0.88,+69.37,,,,,,,alavés-girona-apuestas-35244729
2026-02-23 21:37,Everton Manchester United 35240883,,LAY Over 1.5,LAY,76,2.62,SI,+0.95,+70.32,,,1.54,,,,everton-manchester-united-apuestas-35240883
2026-02-23 21:37,Walsall Mk Dons 35277663,,LAY Over 1.5,LAY,76,2.62,NO,-1.62,+68.70,,,0.72,,,,walsall-mk-dons-apuestas-35277663
2026-02-23 21:51,Famalicao Casa Pia 35273780,,LAY Over 1.5,LAY,75,2.44,NO,-1.44,+67.26,,,1.24,,,,famalicao-casa-pia-apuestas-35273780
2026-02-24 21:02,Ayr Inverness Ct 35296340,,Pressure Cooker,BACK,65,2.06,SI,+0.97,+68.23,,,,,,,ayr-inverness-ct-apuestas-35296340
2026-02-24 21:15,Hull Derby 35268742,,Pressure Cooker,BACK,66,1.85,SI,+0.77,+69.00,,,,,,,hull-derby-apuestas-35268742
2026-02-24 21:17,Salford City Shrewsbury 35292779,,Pressure Cooker,BACK,65,1.90,SI,+0.82,+69.81,,,,,,,salford-city-shrewsbury-apuestas-35292779
2026-02-24 21:17,Watford Ipswich 35272377,,LAY Over 2.5 Def,LAY,71,9.60,SI,+0.95,+70.76,,,0.99,,,,watford-ipswich-apuestas-35272377
2026-02-24 21:21,West Bromwich Charlton 35268730,,Pressure Cooker,BACK,70,2.14,NO,-1.00,+69.76,,,,,,,west-bromwich-charlton-apuestas-35268730
2026-02-24 21:21,Accrington Barnet 35292806,,LAY Over 1.5,LAY,75,9.20,SI,+0.95,+70.71,,,1.18,,,,accrington-barnet-apuestas-35292806
2026-02-24 21:21,Swansea Preston 35268696,,LAY Over 1.5,LAY,76,2.52,NO,-1.52,+69.19,,,2.58,,,,swansea-preston-apuestas-35268696
2026-02-24 21:24,Bradford Rotherham 35292540,,LAY Over 1.5,LAY,75,2.68,SI,+0.95,+70.14,,,1.04,,,,bradford-rotherham-apuestas-35292540
2026-02-25 21:32,Gimnasia La Plata Rosario Central 3527643,,Pressure Cooker,BACK,66,1.96,SI,+0.87,+71.02,,,,,,,gimnasia-la-plata-rosario-central-apuestas-3527643
2026-02-26 23:29,Guarani Par Juventud De Las Piedras 35286,,Pressure Cooker,BACK,66,2.12,SI,+1.03,+72.04,,,,,,,guarani-par-juventud-de-las-piedras-apuestas-35286
2026-02-27 18:29,Hobro Hb Koge 35285715,,Pressure Cooker,BACK,65,1.94,NO,-1.00,+71.04,,,,,,,hobro-hb-koge-apuestas-35285715
2026-02-27 21:12,Harrogate Town Cheltenham 35293565,,Pressure Cooker,BACK,65,1.93,NO,-1.00,+70.04,,,,,,,harrogate-town-cheltenham-apuestas-35293565
2026-02-27 21:17,Standard De Lieja Raal La Louviere 352970,,Pressure Cooker,BACK,66,1.97,NO,-1.00,+69.04,,,,,,,standard-de-lieja-raal-la-louviere-apuestas-352970
2026-02-28 00:30,Cerro Boston River 35294889,,Pressure Cooker,BACK,65,1.88,NO,-1.00,+68.04,,,,,,,cerro-boston-river-apuestas-35294889
2026-02-28 11:50,Sporting Lisbon B Leixoes 35292792,,Odds Drift,BACK,45.0,2.16,SI,+1.06,+69.11,,none,,,,89.5,sporting-lisbon-b-leixoes-apuestas-35292792
2026-02-28 14:06,Northampton Peterborough 35292555,,Pressure Cooker,BACK,66,2.02,NO,-1.00,+68.11,,,,,,,northampton-peterborough-apuestas-35292555
2026-02-28 14:33,Rayo Vallecano Athletic De Bilbao 3527246,,Pressure Cooker,BACK,65,2.42,NO,-1.00,+67.11,,,,,,,rayo-vallecano-athletic-de-bilbao-apuestas-3527246
2026-02-28 16:40,Mansfield Afc Wimbledon 35292640,,Pressure Cooker,BACK,67,2.58,NO,-1.00,+66.11,,,,,,,mansfield-afc-wimbledon-apuestas-35292640
2026-02-28 18:31,verona-nápoles-apuestas-35270720,,Pressure Cooker,BACK,66,1.92,SI,+0.84,+66.94,,,,,,,verona-nápoles-apuestas-35270720
2026-02-28 20:43,Cd Leones Del Norte Libertad Fc 35298906,,Pressure Cooker,BACK,66,1.92,NO,-1.00,+65.94,,,,,,,cd-leones-del-norte-libertad-fc-apuestas-35298906
2026-02-28 21:29,Danubio Progreso 35294816,,Pressure Cooker,BACK,66,2.32,SI,+1.21,+67.15,,,,,,,danubio-progreso-apuestas-35294816
2026-03-01 14:35,Sassuolo Atalanta 35270730,,Odds Drift,BACK,33.0,3.65,SI,+2.45,+69.60,,none,,,,47.2,sassuolo-atalanta-apuestas-35270730
2026-03-01 19:30,Casa Pia Moreirense 35312487,,Pressure Cooker,BACK,65,1.97,NO,-1.00,+68.60,,,,,,,casa-pia-moreirense-apuestas-35312487
2026-03-01 21:17,Enppi Al Masry 35309126,,Pressure Cooker,BACK,65,3.05,SI,+1.89,+70.49,,,,,,,enppi-al-masry-apuestas-35309126
2026-03-01 22:45,Sport Recife Nautico Pe 35310800,,Pressure Cooker,BACK,68,1.86,SI,+0.78,+71.27,,,,,,,sport-recife-nautico-pe-apuestas-35310800
2026-03-01 23:36,Deportivo Cuenca Barcelona Ecu 35298917,,Pressure Cooker,BACK,66,1.94,SI,+0.85,+72.12,,,,,,,deportivo-cuenca-barcelona-ecu-apuestas-35298917
2026-03-02 01:59,Tigre Gimnasia La Plata 35302692,,Pressure Cooker,BACK,65,1.94,NO,-1.00,+71.12,,,,,,,tigre-gimnasia-la-plata-apuestas-35302692
2026-03-02 02:02,defensa-y-justicia-lanús-apuestas-353026,,Pressure Cooker,BACK,65,2.20,NO,-1.00,+70.12,,,,,,,defensa-y-justicia-lanús-apuestas-35302689
2026-03-03 01:58,Independiente Rivadavia River Plate 35302,,Pressure Cooker,BACK,65,2.00,NO,-1.00,+69.12,,,,,,,independiente-rivadavia-river-plate-apuestas-35302
2026-03-04 02:03,Barcelona Ecu Botafogo Fr 35314261,,Pressure Cooker,BACK,68,2.36,NO,-1.00,+68.12,,,,,,,barcelona-ecu-botafogo-fr-apuestas-35314261
2026-03-04 04:50,Pumas Unam Toluca 35296009,,Pressure Cooker,BACK,74,1.84,SI,+0.76,+68.89,,,,,,,pumas-unam-toluca-apuestas-35296009
2026-03-04 21:06,Fc Zurich Lausanne 35323556,,Pressure Cooker,BACK,72,1.97,NO,-1.00,+67.89,,,,,,,fc-zurich-lausanne-apuestas-35323556
2026-03-04 21:34,Lazio Atalanta 35257842,,Pressure Cooker,BACK,66,2.00,SI,+0.91,+68.80,,,,,,,lazio-atalanta-apuestas-35257842
2026-03-05 02:34,fortaleza-jaguares-de-córdoba-apuestas-3,,Pressure Cooker,BACK,66,1.94,SI,+0.85,+69.65,,,,,,,fortaleza-jaguares-de-córdoba-apuestas-353081
