market,odds_col,window,score_state,stat_filter,n,wr,roi,pl,ci_lo,ci_hi,avg_odds,sharpe,max_dd,n_leagues,max_lg_conc,top_league,roi_train,roi_test,n_train,n_test,overlap_note
LAY Under 2.5,lay_under25,60-80,goals_ge3,none,77,100.0,95.0,731.5,95.2,100,2.83,83362.16,0,32,0.13,Desconocida,95.0,95.0,53,24,
LAY Under 2.5,lay_under25,65-85,goals_ge3,none,76,100.0,95.0,722.0,95.2,100.0,2.49,82819.08,0,31,0.13,Desconocida,95.0,95.0,53,23,
LAY Under 2.5,lay_under25,70-90,goals_ge3,none,75,100.0,95.0,712.5,95.1,100,2.22,82272.41,0,30,0.11,Serie A,95.0,95.0,52,23,
LAY Under 2.5,lay_under25,55-75,goals_ge3,none,74,100.0,95.0,703.0,95.1,100.0,3.11,81722.09,0,35,0.14,Desconocida,95.0,95.0,51,23,
LAY Under 1.5,lay_under15,50-70,goals_ge2,xg_low,59,100.0,95.0,560.5,93.9,100,3.42,72970.88,0,30,0.12,Desconocida,95.0,95.0,41,18,
LAY Under 2.5,lay_under25,60-80,goals_ge3,xg_low,56,100.0,95.0,532.0,93.6,100,2.8,71091.49,0,28,0.14,Desconocida,95.0,95.0,39,17,
LAY Under 1.5,lay_under15,45-65,goals_ge2,xg_low,55,100.0,95.0,522.5,93.5,100.0,3.62,70453.89,0,32,0.11,Serie A,95.0,95.0,38,17,
LAY Under 2.5,lay_under25,50-70,goals_ge3,xg_low,55,100.0,95.0,522.5,93.5,100.0,3.52,70453.89,0,32,0.13,Desconocida,95.0,95.0,38,17,
LAY Under 2.5,lay_under25,55-75,goals_ge3,xg_low,54,100.0,95.0,513.0,93.4,100,3.1,69810.46,0,29,0.11,Desconocida,95.0,95.0,37,17,
LAY Under 1.5,lay_under15,40-60,goals_ge2,none,51,100.0,95.0,484.5,93.0,100.0,3.82,67843.57,0,31,0.12,Serie A,95.0,95.0,35,16,
LAY Under 2.5,lay_under25,65-85,goals_ge3,xg_low,51,100.0,95.0,484.5,93.0,100.0,2.49,67843.57,0,26,0.14,Desconocida,95.0,95.0,35,16,
LAY Under 1.5,lay_under15,40-60,goals_ge2,xg_low,47,100.0,95.0,446.5,92.4,100,3.84,65128.72,0,31,0.11,Serie A,95.0,95.0,32,15,
LAY Under 2.5,lay_under25,70-90,goals_ge3,xg_low,47,100.0,95.0,446.5,92.4,100,2.07,65128.72,0,24,0.13,Desconocida,95.0,95.0,32,15,
LAY Under 1.5,lay_under15,55-75,goals_ge2,xg_low,46,100.0,95.0,437.0,92.3,100,3.16,64432.13,0,26,0.13,Desconocida,95.0,95.0,32,14,
BACK Over 2.5,back_over25,55-75,goals_ge3,none,81,100.0,53.9,436.75,95.5,100.0,1.57,20.42,0,35,0.12,Desconocida,56.1,48.9,56,25,
BACK Over 2.5,back_over25,65-85,goals_ge3,none,82,100.0,81.8,671.12,95.5,100,1.86,19.06,0,33,0.12,Desconocida,85.3,73.9,57,25,
BACK Over 2.5,back_over25,60-80,goals_ge3,none,82,100.0,65.9,540.49,95.5,100,1.69,18.78,0,32,0.12,Desconocida,67.9,61.5,57,25,
LAY Under 3.5,lay_under35,70-90,goals_ge4,none,54,94.4,86.8,468.8,84.9,98.1,1.87,18.7,6.0,33,0.09,Bundesliga,91.3,77.1,37,17,
BACK Over 2.5,back_over25,70-90,goals_ge3,none,80,100.0,102.8,822.28,95.4,100,2.08,18.63,0,31,0.1,Serie A,100.7,107.7,56,24,
BACK Over 1.5,back_over15,50-70,goals_ge2,xg_low,86,100.0,37.3,320.97,95.7,100,1.39,18.62,0,34,0.1,Desconocida,37.4,37.2,60,26,
BACK Over 2.5,back_over25,70-90,goals_ge3,xg_low,50,100.0,112.4,561.91,92.9,100,2.18,18.02,0,25,0.12,Desconocida,116.5,102.7,35,15,
BACK Over 2.5,back_over25,65-85,goals_ge3,xg_low,55,100.0,81.9,450.46,93.5,100.0,1.86,17.67,0,28,0.13,Desconocida,84.8,75.4,38,17,
BACK Over 1.5,back_over15,55-75,goals_ge2,xg_low,57,100.0,46.8,266.64,93.7,100.0,1.49,17.57,0,28,0.11,Bundesliga,43.6,53.7,39,18,
BACK Over 2.5,back_over25,55-75,goals_ge3,xg_low,59,100.0,54.7,322.49,93.9,100,1.58,17.08,0,29,0.1,Desconocida,57.4,48.4,41,18,
BACK Over 2.5,back_over25,50-70,goals_ge3,xg_low,60,100.0,46.1,276.7,94.0,100.0,1.49,16.86,0,32,0.12,Desconocida,48.7,40.0,42,18,
LAY Under 2.5,lay_under25,50-70,goals_ge3,none,70,98.6,89.6,627.5,92.3,99.7,3.47,16.73,28.0,37,0.13,Desconocida,87.3,95.0,49,21,
BACK Over 2.5,back_over25,60-80,goals_ge3,xg_low,59,100.0,68.5,404.1,93.9,100,1.72,16.51,0,28,0.14,Desconocida,72.1,60.4,41,18,
BACK Over 1.5,back_over15,50-70,goals_ge2,none,105,99.0,34.6,362.84,94.8,99.8,1.38,15.65,10.0,35,0.1,Serie A,35.3,32.9,73,32,
BACK Over 1.5,back_over15,50-70,lead2,xg_low,46,100.0,34.0,156.44,92.3,100,1.36,15.26,0,27,0.09,Serie A,35.5,30.5,32,14,
BACK Over 2.5,back_over25,50-70,goals_ge3,none,80,98.8,43.9,351.42,93.3,99.8,1.48,14.44,10.0,37,0.11,Desconocida,45.6,40.0,56,24,
LAY Under 1.5,lay_under15,60-80,goals_ge2,xg_low,50,94.0,84.3,421.7,83.8,97.9,2.78,13.99,8.6,25,0.12,Desconocida,84.8,83.3,35,15,
BACK Over 1.5,back_over15,55-75,goals_ge2,none,80,98.8,45.1,360.84,93.3,99.8,1.49,13.79,10.0,31,0.1,Bundesliga,43.5,48.8,56,24,
LAY Under 1.5,lay_under15,65-85,goals_ge2,xg_low,47,93.6,83.7,393.2,82.8,97.8,2.49,13.06,8.6,25,0.13,Desconocida,78.3,95.0,32,15,
LAY Under 1.5,lay_under15,50-70,goals_ge2,none,70,98.6,88.1,616.5,92.3,99.7,3.45,12.71,39.0,30,0.11,Serie A,95.0,71.9,49,21,
BACK Over 1.5,back_over15,50-70,tied_1-1,xg_low,41,100.0,40.7,166.71,91.4,100,1.43,12.15,0,20,0.15,Desconocida,38.6,45.0,28,13,
LAY Under 1.5,lay_under15,65-85,goals_ge2,none,62,93.5,81.4,504.7,84.6,97.5,2.59,11.82,21.5,27,0.13,Desconocida,82.6,78.7,43,19,
LAY Under 1.5,lay_under15,45-65,goals_ge2,none,63,98.4,87.3,550.0,91.5,99.7,3.61,11.34,39.0,33,0.11,Serie A,95.0,69.5,44,19,
LAY Under 1.5,lay_under15,55-75,goals_ge2,none,63,98.4,87.3,550.0,91.5,99.7,3.13,11.34,39.0,29,0.13,Desconocida,95.0,69.5,44,19,
BACK Over 3.5,back_over35,70-90,goals_ge4,none,57,94.7,116.2,662.42,85.6,98.2,2.38,11.33,10.0,34,0.09,Bundesliga,125.9,95.3,39,18,
LAY Under 3.5,lay_under35,65-85,goals_ge4,none,45,93.3,82.2,370.1,82.1,97.7,2.09,10.96,17.4,30,0.09,Süper Lig,95.0,54.0,31,14,
BACK Over 1.5,back_over15,45-65,goals_ge2,xg_low,96,99.0,32.3,310.13,94.3,99.8,1.35,10.83,10.0,37,0.09,Desconocida,30.0,37.7,67,29,
LAY Under 1.5,lay_under15,70-90,goals_ge2,none,57,93.0,80.2,457.2,83.3,97.2,2.42,10.73,21.5,28,0.12,Desconocida,77.9,85.2,39,18,
BACK Over 1.5,back_over15,45-65,goals_ge2,none,113,98.2,30.4,343.16,93.8,99.5,1.34,10.65,10.0,38,0.09,Bundesliga,29.2,33.0,79,34,
BACK Over 0.5,back_over05,40-60,home+1,none,40,100.0,22.9,91.51,91.2,100,1.24,10.48,0,24,0.12,Bundesliga,24.5,19.1,28,12,
BACK Over 0.5,back_over05,40-60,home+1,xg_low,40,100.0,22.9,91.51,91.2,100,1.24,10.48,0,24,0.12,Bundesliga,24.5,19.1,28,12,
BACK Over 1.5,back_over15,60-80,goals_ge2,none,82,95.1,47.2,386.68,88.1,98.1,1.6,9.57,10.0,31,0.11,Serie A,48.9,43.2,57,25,
BACK Over 1.5,back_over15,50-70,lead2,none,54,98.1,30.9,166.85,90.2,99.7,1.35,9.47,10.0,28,0.11,Bundesliga,34.5,23.1,37,17,
LAY Under 1.5,lay_under15,60-80,goals_ge2,none,67,94.0,79.8,534.7,85.6,97.7,2.84,9.46,39.0,28,0.12,Serie A,87.2,63.5,46,21,
BACK Over 1.5,back_over15,40-60,goals_ge2,none,116,98.3,26.5,307.17,93.9,99.5,1.3,9.23,10.0,39,0.1,Desconocida,25.1,29.8,81,35,
BACK Over 1.5,back_over15,50-70,tied_1-1,none,52,98.1,36.1,187.88,89.9,99.7,1.41,9.23,10.0,23,0.12,Desconocida,36.6,35.1,36,16,
BACK Over 1.5,back_over15,65-85,goals_ge2,none,76,94.7,60.9,462.88,87.2,97.9,1.75,8.93,10.0,32,0.11,Desconocida,59.6,63.9,53,23,
BACK Over 3.5,back_over35,65-85,goals_ge4,none,48,93.8,98.6,473.27,83.2,97.9,2.19,8.89,10.0,31,0.08,Süper Lig,118.1,55.7,33,15,
BACK Over 1.5,back_over15,45-65,lead2,xg_low,54,98.1,24.7,133.34,90.2,99.7,1.28,8.78,10.0,29,0.09,Bundesliga,24.7,24.6,37,17,
BACK Over 1.5,back_over15,55-75,tied_1-1,none,40,97.5,42.6,170.22,87.1,99.6,1.49,8.71,10.0,21,0.12,La Liga,43.3,40.7,28,12,
BACK Over 1.5,back_over15,40-60,goals_ge2,xg_low,102,98.0,27.2,277.43,93.1,99.5,1.31,8.44,10.0,38,0.11,Desconocida,25.7,30.7,71,31,
BACK Over 1.5,back_over15,60-80,goals_ge2,xg_low,59,94.9,49.7,293.44,86.1,98.3,1.64,8.42,10.0,28,0.12,Bundesliga,51.9,44.8,41,18,
BACK Over 2.5,back_over25,45-65,goals_ge3,none,76,96.1,35.8,272.45,89.0,98.6,1.43,8.34,10.0,36,0.09,La Liga,37.8,31.3,53,23,
BACK Over 0.5,back_over05,40-60,lead1,none,62,98.4,22.6,140.4,91.4,99.7,1.26,8.28,10.0,30,0.11,Desconocida,22.9,22.1,43,19,
BACK Over 0.5,back_over05,40-60,lead1,xg_low,62,98.4,22.6,140.4,91.4,99.7,1.26,8.28,10.0,30,0.11,Desconocida,22.9,22.1,43,19,
BACK Over 1.5,back_over15,45-65,tied_1-1,none,49,100.0,39.6,194.08,92.7,100.0,1.42,8.21,0,24,0.1,Serie A,34.5,51.2,34,15,
BACK Over 1.5,back_over15,65-85,goals_ge2,xg_low,54,94.4,69.8,376.76,84.9,98.1,1.86,8.15,10.0,28,0.11,Desconocida,70.5,68.3,37,17,
BACK Over 1.5,back_over15,70-90,goals_ge2,none,69,94.2,77.1,532.17,86.0,97.7,1.93,8.15,10.0,32,0.1,Desconocida,71.0,91.1,48,21,
BACK Over 1.5,back_over15,55-75,lead2,none,40,97.5,43.7,174.64,87.1,99.6,1.49,8.12,10.0,23,0.1,Serie A,44.7,41.2,28,12,
BACK Over 0.5,back_over05,45-65,lead1,none,58,98.3,28.6,166.15,90.9,99.7,1.33,7.96,10.0,33,0.12,Desconocida,29.5,26.8,40,18,
BACK Over 0.5,back_over05,45-65,lead1,xg_low,58,98.3,28.6,166.15,90.9,99.7,1.33,7.96,10.0,33,0.12,Desconocida,29.5,26.8,40,18,
LAY Under 1.5,lay_under15,70-90,goals_ge2,xg_low,44,90.9,75.8,333.7,78.8,96.4,2.4,7.89,21.5,26,0.14,Desconocida,72.8,82.4,30,14,
BACK Over 2.5,back_over25,45-65,goals_ge3,xg_low,55,96.4,35.0,192.6,87.7,99.0,1.42,7.73,10.0,31,0.09,Desconocida,37.2,30.0,38,17,
BACK Over 1.5,back_over15,45-65,tied_1-1,xg_low,42,100.0,42.0,176.21,91.6,100,1.44,7.66,0,22,0.12,Desconocida,35.9,55.5,29,13,
BACK Over 0.5,back_over05,50-70,lead1,none,48,97.9,33.2,159.4,89.1,99.6,1.38,7.2,10.0,26,0.1,Bundesliga,35.0,29.3,33,15,
BACK Over 0.5,back_over05,50-70,lead1,xg_low,48,97.9,33.2,159.4,89.1,99.6,1.38,7.2,10.0,26,0.1,Bundesliga,35.0,29.3,33,15,
BACK Over 1.5,back_over15,45-65,lead2,none,63,96.8,22.7,143.08,89.1,99.1,1.28,7.12,10.0,31,0.11,Bundesliga,24.0,19.8,44,19,
BACK Over 1.5,back_over15,40-60,lead2,none,69,97.1,19.5,134.26,90.0,99.2,1.24,6.96,10.0,32,0.12,Desconocida,17.5,23.9,48,21,
BACK Over 2.5,back_over25,40-60,goals_ge3,none,66,95.5,32.9,217.43,87.5,98.4,1.41,6.95,10.0,36,0.09,Bundesliga,35.3,27.4,46,20,
BACK Over 1.5,back_over15,70-90,goals_ge2,xg_low,48,91.7,80.9,388.16,80.4,96.7,2.02,6.93,10.0,28,0.12,Desconocida,79.9,82.9,33,15,
BACK Over 1.5,back_over15,60-80,tied_1-1,none,40,95.0,48.2,192.7,83.5,98.6,1.6,6.8,10.0,21,0.12,Bundesliga,49.3,45.5,28,12,
BACK Over 1.5,back_over15,40-60,home+2,none,43,97.7,22.2,95.32,87.9,99.6,1.26,6.71,10.0,25,0.12,Bundesliga,19.6,28.0,30,13,
BACK Over 1.5,back_over15,65-85,lead2,none,38,94.7,67.4,255.95,82.7,98.5,1.83,6.59,10.0,22,0.13,Desconocida,75.2,50.4,26,12,
BACK Over 1.5,back_over15,40-60,tied_1-1,none,46,100.0,36.3,166.91,92.3,100,1.38,6.5,0,26,0.09,Serie A,33.6,42.4,32,14,
BACK Over 1.5,back_over15,40-60,lead2,xg_low,61,96.7,20.0,122.3,88.8,99.1,1.25,6.39,10.0,31,0.11,Desconocida,17.8,25.1,42,19,
BACK Over 1.5,back_over15,45-65,home+2,xg_low,38,97.4,24.0,91.24,86.5,99.5,1.29,6.33,10.0,25,0.11,Bundesliga,22.4,27.4,26,12,
BACK Over 2.5,back_over25,40-60,goals_ge3,xg_low,46,95.7,31.2,143.47,85.5,98.8,1.39,6.28,10.0,30,0.09,Bundesliga,33.2,26.5,32,14,
BACK Over 1.5,back_over15,40-60,home+2,xg_low,40,97.5,22.1,88.49,87.1,99.6,1.26,6.25,10.0,25,0.1,Bundesliga,19.8,27.6,28,12,
BACK Over 1.5,back_over15,40-60,tied_1-1,xg_low,41,100.0,37.7,154.55,91.4,100,1.4,6.06,0,25,0.1,La Liga,31.2,51.7,28,13,
BACK Over 3.5,back_over35,60-80,goals_ge4,none,41,90.2,75.9,310.99,77.5,96.1,1.97,5.81,20.0,31,0.1,Bundesliga,93.5,37.9,28,13,
LAY Under 2.5,lay_under25,45-65,goals_ge3,none,61,95.1,73.0,445.0,86.5,98.3,3.63,5.77,43.0,34,0.11,Desconocida,75.5,67.4,42,19,
BACK Over 1.5,back_over15,60-80,lead2,none,41,92.7,43.9,180.19,80.6,97.5,1.61,5.55,10.0,23,0.12,Desconocida,45.7,40.2,28,13,
LAY CS 1-1,lay_rc_1_1,60-80,away+1,none,39,94.9,75.5,294.5,83.1,98.6,4.95,5.55,29.0,22,0.18,Desconocida,80.7,63.7,27,12,
LAY Under 2.5,lay_under25,45-65,goals_ge3,xg_low,46,95.7,73.9,340.0,85.5,98.8,3.71,5.0,43.0,30,0.11,Desconocida,81.1,57.5,32,14,
BACK Over 1.5,back_over15,45-65,home+2,none,43,95.3,21.5,92.44,84.5,98.7,1.29,4.82,10.0,26,0.12,Bundesliga,23.2,17.6,30,13,
LAY Over 4.5,lay_over45,50-70,lead2,xg_low,70,94.3,66.5,465.3,86.2,97.8,7.22,4.43,135.0,36,0.07,Championship,57.8,86.8,49,21,lay_over45_v3
LAY Over 4.5,lay_over45,50-70,home+2,none,52,94.2,69.2,359.8,84.4,98.0,6.73,4.32,88.5,32,0.08,Desconocida,77.9,49.6,36,16,lay_over45_v3
LAY Under 2.5,lay_under25,40-60,goals_ge3,none,49,93.9,67.6,331.0,83.5,97.9,3.65,4.31,43.0,32,0.1,Desconocida,70.9,60.0,34,15,
BACK Away,back_away,65-85,away+1,xg_low,109,74.3,66.7,727.01,65.4,81.6,2.19,4.1,44.28,40,0.07,Liga Argentina,66.7,66.7,76,33,away_fav_leading
BACK Away,back_away,60-80,away+1,xg_low,126,72.2,54.2,682.98,63.8,79.3,2.13,4.06,45.73,45,0.07,Desconocida,61.0,38.6,88,38,away_fav_leading
LAY Over 4.5,lay_over45,60-80,lead2,xg_low,59,88.1,62.8,370.4,77.5,94.1,7.85,3.97,86.2,33,0.08,Bundesliga,60.8,67.3,41,18,lay_over45_v3
BACK Away,back_away,70-90,away+1,xg_low,89,75.3,67.4,599.74,65.4,83.1,2.18,3.91,29.57,34,0.08,Liga Argentina,63.1,77.3,62,27,away_fav_leading
LAY CS 1-1,lay_rc_1_1,65-85,lead1,xg_low,63,92.1,60.2,379.0,82.7,96.6,5.24,3.88,54.0,24,0.22,Desconocida,71.1,34.7,44,19,
BACK Away,back_away,60-80,away+1,none,144,70.1,46.8,673.65,62.2,77.0,2.08,3.86,45.73,47,0.08,Desconocida,51.1,37.0,100,44,away_fav_leading
BACK Away,back_away,65-85,away+1,none,129,72.1,54.8,707.06,63.8,79.1,2.1,3.86,50.79,43,0.07,Primeira Liga,51.0,63.6,90,39,away_fav_leading
LAY Over 4.5,lay_over45,60-80,any,xg_low,162,85.2,44.5,720.6,78.9,89.8,6.57,3.82,116.3,43,0.09,Bundesliga,48.8,34.6,113,49,lay_over45_v3
LAY Under 3.5,lay_under35,60-80,goals_ge4,none,39,89.7,62.6,244.1,76.4,95.9,2.46,3.77,37.0,30,0.1,Bundesliga,80.0,23.4,27,12,
BACK Away,back_away,70-90,away+1,none,107,73.8,55.6,595.22,64.8,81.2,2.08,3.75,30.59,37,0.07,Primeira Liga,53.4,60.6,74,33,away_fav_leading
LAY Home,lay_home,45-65,away+1,xg_low,61,85.2,51.4,313.6,74.3,92.0,3.37,3.59,45.9,32,0.1,Bundesliga,57.4,38.3,42,19,
LAY Over 4.5,lay_over45,65-85,any,xg_low,141,82.3,41.9,590.7,75.1,87.7,6.0,3.54,81.5,42,0.08,Bundesliga,41.0,44.0,98,43,lay_over45_v3
BACK Over 2.5,back_over25,40-60,goals_ge2,none,272,77.2,17.0,461.44,71.9,81.8,1.53,3.52,87.76,54,0.08,Desconocida,17.9,14.8,190,82,
BACK Over 2.5,back_over25,40-60,goals_ge2,xg_low,241,77.2,18.1,437.04,71.5,82.0,1.55,3.48,90.22,53,0.08,Desconocida,20.7,12.3,168,73,
BACK Over 3.5,back_over35,45-65,goals_ge3,none,114,65.8,42.5,484.15,56.7,73.9,2.15,3.46,34.93,43,0.07,Championship,43.7,39.7,79,35,
LAY Over 4.5,lay_over45,50-70,home+2,xg_low,44,93.2,64.5,283.8,81.8,97.7,6.9,3.42,88.5,29,0.07,La Liga,56.0,82.7,30,14,lay_over45_v3
LAY Home,lay_home,45-65,away+1,none,65,84.6,48.3,314.1,73.9,91.4,3.3,3.35,68.0,33,0.09,Bundesliga,51.5,41.1,45,20,
LAY Over 4.5,lay_over45,55-75,lead2,xg_low,63,92.1,61.2,385.8,82.7,96.6,7.77,3.27,136.5,35,0.08,Bundesliga,54.1,77.8,44,19,lay_over45_v3
LAY Over 4.5,lay_over45,65-85,goals_ge2,xg_low,136,81.6,39.9,543.2,74.3,87.2,5.88,3.26,81.5,42,0.07,Desconocida,39.3,41.5,95,41,lay_over45_v3
BACK Away,back_away,50-70,away+1,xg_low,157,64.3,37.0,580.46,56.6,71.4,2.18,3.25,72.59,51,0.06,Premier League,35.3,40.7,109,48,away_fav_leading
BACK Home,back_home,65-85,home+1,xg_low,169,75.7,23.9,404.0,68.8,81.6,1.72,3.23,50.0,43,0.08,Desconocida,22.5,27.3,118,51,
LAY Over 4.5,lay_over45,60-80,goals_ge2,xg_low,150,84.0,40.4,606.6,77.3,89.0,6.37,3.23,125.8,43,0.07,Championship,45.3,29.2,105,45,lay_over45_v3
BACK Over 3.5,back_over35,40-60,goals_ge3,none,93,65.6,44.1,410.24,55.5,74.5,2.14,3.22,40.0,39,0.1,Championship,43.8,44.8,65,28,
LAY CS 1-1,lay_rc_1_1,70-90,lead1,none,78,91.0,51.5,401.5,82.6,95.6,5.18,3.15,68.0,28,0.15,Desconocida,57.0,39.0,54,24,
BACK Away,back_away,55-75,away+1,xg_low,135,65.9,39.5,533.22,57.6,73.4,2.13,3.12,65.73,48,0.07,Desconocida,40.1,38.0,94,41,away_fav_leading
LAY Home,lay_home,55-75,away+1,none,39,87.2,54.2,211.4,73.3,94.4,3.17,3.09,66.5,23,0.1,Super League,46.8,70.9,27,12,
LAY CS 1-1,lay_rc_1_1,65-85,lead1,none,89,88.8,46.0,409.0,80.5,93.8,5.11,3.07,78.5,29,0.18,Desconocida,58.4,17.4,62,27,
BACK Away,back_away,50-70,away+1,none,173,63.6,32.1,555.18,56.2,70.4,2.15,3.05,78.22,51,0.07,Desconocida,30.5,35.8,121,52,away_fav_leading
BACK Home,back_home,65-85,home+1,none,198,73.2,21.0,414.91,66.7,78.9,1.74,3.01,53.67,43,0.08,Desconocida,20.2,22.7,138,60,
BACK Home,back_home,70-90,home+1,none,161,75.8,22.8,367.08,68.6,81.7,1.69,2.96,46.74,41,0.09,Desconocida,24.5,19.0,112,49,
LAY CS 1-1,lay_rc_1_1,65-85,any,xg_low,79,86.1,44.4,350.6,76.8,92.0,4.9,2.94,54.0,29,0.22,Desconocida,47.2,37.9,55,24,
BACK Home,back_home,70-90,home+1,xg_low,132,77.3,24.6,324.86,69.4,83.6,1.68,2.9,51.11,41,0.08,Desconocida,28.0,16.9,92,40,
BACK Under 3.5,back_under35,60-80,any,sot_home,67,74.6,37.8,253.25,63.1,83.5,1.88,2.88,41.16,30,0.12,Desconocida,35.3,43.2,46,21,
LAY Over 4.5,lay_over45,60-80,any,none,209,83.3,33.0,690.4,77.6,87.7,6.52,2.86,144.3,45,0.09,Bundesliga,32.9,33.4,146,63,lay_over45_v3
BACK Away,back_away,55-75,away+1,none,156,64.7,32.0,499.43,57.0,71.8,2.07,2.84,71.74,49,0.08,Desconocida,30.0,36.6,109,47,away_fav_leading
BACK Over 2.5,back_over25,40-60,tied_1-1,xg_low,130,78.5,20.2,262.27,70.6,84.7,1.56,2.81,38.77,43,0.08,Desconocida,22.3,15.2,91,39,
LAY Draw,lay_draw,60-80,away+1,xg_low,123,82.9,33.0,406.2,75.3,88.6,3.52,2.64,84.0,43,0.07,Bundesliga,29.0,42.5,86,37,
LAY Draw,lay_draw,50-70,lead1,xg_low,293,79.5,22.7,664.4,74.5,83.7,3.67,2.63,158.4,50,0.07,Desconocida,28.2,9.8,205,88,
LAY Over 4.5,lay_over45,65-85,any,none,191,79.1,29.5,562.9,72.7,84.2,5.81,2.55,137.0,44,0.08,Desconocida,30.6,26.9,133,58,lay_over45_v3
BACK Under 3.5,back_under35,60-80,goals_ge2,sot_home,57,68.4,39.7,226.06,55.5,79.0,2.0,2.54,41.16,29,0.09,Desconocida,36.4,46.6,39,18,
BACK Over 2.5,back_over25,40-60,goals_ge2,sot_home,46,82.6,28.1,129.34,69.3,90.9,1.54,2.49,10.88,25,0.09,Desconocida,37.8,6.0,32,14,
LAY Over 4.5,lay_over45,60-80,any,sot_home,43,90.7,55.7,239.6,78.4,96.3,6.48,2.48,64.0,27,0.12,MLS,38.7,95.0,30,13,lay_over45_v3
LAY Over 4.5,lay_over45,60-80,goals_ge2,none,198,82.3,29.6,585.9,76.4,87.0,6.37,2.44,160.8,45,0.07,Desconocida,31.9,24.2,138,60,lay_over45_v3
LAY Draw,lay_draw,65-85,lead1,xg_low,203,80.3,25.2,511.1,74.3,85.2,3.51,2.42,100.5,47,0.07,Bundesliga,28.3,17.9,142,61,
LAY Over 4.5,lay_over45,50-70,lead2,none,87,88.5,42.6,370.2,80.1,93.6,6.87,2.41,149.0,37,0.13,Desconocida,31.1,68.1,60,27,lay_over45_v3
BACK Over 2.5,back_over25,40-60,tied_1-1,none,143,76.9,16.4,234.12,69.4,83.1,1.53,2.4,38.77,43,0.08,La Liga,14.4,20.9,100,43,
LAY Draw,lay_draw,65-85,away+1,xg_low,101,84.2,34.0,343.2,75.8,90.0,3.6,2.38,76.5,37,0.07,Liga Argentina,33.6,34.8,70,31,
LAY Over 4.5,lay_over45,65-85,goals_ge2,none,186,78.5,27.7,515.4,72.0,83.8,5.72,2.34,137.0,44,0.08,Desconocida,29.1,24.5,130,56,lay_over45_v3
BACK Over 3.5,back_over35,45-65,goals_ge3,xg_low,95,63.2,30.1,286.27,53.1,72.2,2.07,2.33,60.98,41,0.08,Championship,28.5,33.9,66,29,
BACK Under 4.5,back_under45,60-80,any,sot_home,38,89.5,18.3,69.41,75.9,95.8,1.38,2.33,14.87,26,0.11,MLS,14.5,26.4,26,12,
LAY Draw,lay_draw,60-80,away+1,none,142,81.7,27.7,393.7,74.5,87.2,3.53,2.29,109.5,45,0.07,Bundesliga,25.9,32.0,99,43,
LAY Over 3.5,lay_over35,45-65,any,sot_away,39,76.9,39.3,153.2,61.7,87.4,3.98,2.29,33.0,22,0.18,Desconocida,51.9,11.0,27,12,
LAY Over 4.5,lay_over45,60-80,goals_ge2,sot_home,41,90.2,53.8,220.6,77.5,96.1,6.36,2.29,64.0,25,0.12,MLS,40.8,81.8,28,13,lay_over45_v3
LAY Over 4.5,lay_over45,60-80,home+2,xg_low,40,85.0,51.8,207.2,70.9,92.9,7.85,2.27,95.7,26,0.1,Bundesliga,44.9,67.9,28,12,lay_over45_v3
LAY CS 1-1,lay_rc_1_1,65-85,home+1,xg_low,41,90.2,50.2,206.0,77.5,96.1,5.19,2.27,54.0,18,0.2,Desconocida,44.3,63.1,28,13,
LAY Draw,lay_draw,65-85,away+1,none,121,82.6,29.9,362.1,74.9,88.4,3.61,2.25,101.5,41,0.07,Bundesliga,32.5,24.1,84,37,
BACK Over 2.5,back_over25,50-70,tied_1-1,none,157,72.0,17.0,266.9,64.5,78.4,1.67,2.25,39.07,42,0.1,Desconocida,16.7,17.7,109,48,
BACK Over 2.5,back_over25,40-60,lead2,none,127,76.4,15.4,195.0,68.3,82.9,1.53,2.23,85.25,46,0.09,Desconocida,18.0,9.5,88,39,
BACK Over 3.5,back_over35,40-60,goals_ge3,xg_low,75,64.0,32.2,241.74,52.7,73.9,2.05,2.23,60.0,36,0.12,Championship,28.0,41.8,52,23,
BACK Over 2.5,back_over25,50-70,tied_1-1,xg_low,137,73.0,17.4,238.86,65.0,79.7,1.66,2.21,40.0,41,0.11,Desconocida,18.9,14.2,95,42,
BACK Under 3.5,back_under35,55-75,home+1,xg_low,138,71.7,20.9,288.51,63.7,78.6,1.91,2.21,67.97,44,0.07,League One,24.5,12.6,96,42,under35_late
LAY CS 1-1,lay_rc_1_1,40-60,away+1,none,47,91.5,49.3,231.5,80.1,96.6,5.53,2.19,113.5,25,0.23,Desconocida,41.7,65.3,32,15,
LAY Draw,lay_draw,50-70,lead1,none,320,78.1,18.2,583.4,73.3,82.3,3.68,2.18,148.9,51,0.07,Desconocida,23.4,6.2,224,96,
LAY Over 4.5,lay_over45,65-85,any,sot_home,39,89.7,52.6,205.0,76.4,95.9,6.85,2.16,64.0,21,0.13,MLS,39.9,81.0,27,12,lay_over45_v3
BACK Home,back_home,40-60,home+1,sot_home,50,80.0,25.3,126.28,67.0,88.8,1.68,2.13,29.29,25,0.14,Liga Argentina,34.4,3.8,35,15,
LAY Over 4.5,lay_over45,55-75,any,xg_low,176,86.4,31.0,546.1,80.5,90.7,6.98,2.12,133.5,48,0.08,Bundesliga,34.1,23.8,123,53,lay_over45_v3
BACK Under 3.5,back_under35,70-90,any,sot_home,58,77.6,21.8,126.2,65.3,86.4,1.62,2.11,37.34,27,0.14,Desconocida,21.8,21.7,40,18,
BACK Under 4.5,back_under45,45-65,any,sot_home,42,88.1,16.6,69.78,75.0,94.8,1.37,2.07,41.45,25,0.1,Desconocida,9.7,32.1,29,13,
LAY CS 1-1,lay_rc_1_1,70-90,lead1,xg_low,51,90.2,45.5,232.0,79.0,95.7,5.38,2.06,68.0,21,0.22,Desconocida,61.3,10.9,35,16,
BACK Home,back_home,70-90,home+1,corners_dom,41,80.5,33.4,136.96,66.0,89.8,1.71,2.05,16.96,19,0.15,MLS,44.5,9.5,28,13,
LAY Over 4.5,lay_over45,65-85,lead2,xg_low,46,78.3,42.0,193.1,64.4,87.7,7.14,2.03,94.6,27,0.11,Championship,50.0,23.6,32,14,lay_over45_v3
BACK Home,back_home,45-65,home+1,corners_dom,44,77.3,24.0,105.65,63.0,87.2,1.79,1.99,20.0,22,0.16,Desconocida,30.5,10.0,30,14,
LAY Over 4.5,lay_over45,55-75,lead1,xg_low,82,85.4,35.8,293.2,76.1,91.4,5.87,1.99,78.0,36,0.07,Bundesliga,25.3,59.7,57,25,lay_over45_v3
BACK Away,back_away,70-90,lead1,xg_low,119,57.1,28.6,340.14,48.2,65.7,2.86,1.95,75.49,40,0.08,Desconocida,26.7,33.0,83,36,
LAY Draw,lay_draw,65-85,lead1,none,245,78.4,19.0,465.2,72.8,83.1,3.51,1.95,126.0,48,0.08,Bundesliga,24.9,5.3,171,74,
BACK Home,back_home,40-60,home+1,corners_dom,45,73.3,27.9,125.45,59.0,84.0,1.93,1.93,25.82,21,0.18,Desconocida,24.0,36.4,31,14,
BACK Away,back_away,45-65,away+1,xg_low,171,57.3,18.8,321.81,49.8,64.5,2.21,1.91,82.63,51,0.08,Desconocida,18.7,19.1,119,52,away_fav_leading
BACK Under 3.5,back_under35,60-80,lead1,xg_low,167,64.7,16.1,268.57,57.2,71.5,2.06,1.89,57.81,44,0.08,Desconocida,18.7,10.1,116,51,
LAY Draw,lay_draw,40-60,lead1,poss_home,38,81.6,37.7,143.1,66.6,90.8,3.42,1.88,57.6,20,0.18,Desconocida,45.2,21.4,26,12,
BACK Under 3.5,back_under35,55-75,home+1,none,157,67.5,17.7,278.34,59.8,74.3,2.0,1.88,77.97,45,0.08,League One,23.9,3.7,109,48,under35_late
BACK Away,back_away,45-65,away+1,none,185,57.8,17.2,317.69,50.6,64.7,2.17,1.86,90.0,51,0.08,Desconocida,16.7,18.2,129,56,away_fav_leading
BACK Under 3.5,back_under35,50-70,any,corners_dom,84,73.8,25.0,210.01,63.5,82.0,1.79,1.86,42.13,35,0.21,Desconocida,34.9,3.0,58,26,
LAY Draw,lay_draw,50-70,away+1,xg_low,145,79.3,22.2,321.5,72.0,85.1,3.6,1.83,135.5,47,0.08,Desconocida,17.4,33.2,101,44,
BACK Under 1.5,back_under15,70-90,away+1,xg_low,85,58.8,20.7,176.07,48.2,68.7,2.12,1.83,56.06,37,0.11,Liga Argentina,18.0,26.9,59,26,
LAY CS 1-1,lay_rc_1_1,40-60,lead1,xg_low,94,89.4,33.8,318.0,81.5,94.1,6.07,1.82,174.0,30,0.17,Desconocida,42.1,15.3,65,29,
BACK Home,back_home,65-85,goals_ge2,sot_home,40,62.5,39.9,159.47,47.0,75.8,2.52,1.81,57.72,22,0.12,Desconocida,53.6,7.8,28,12,
BACK Over 2.5,back_over25,55-75,tied_1-1,xg_low,126,69.8,15.6,195.97,61.3,77.2,1.73,1.81,47.08,37,0.11,Desconocida,20.4,4.4,88,38,
LAY Draw,lay_draw,50-70,away+1,none,160,78.8,20.7,331.7,71.8,84.4,3.61,1.8,191.0,47,0.08,Desconocida,16.0,31.8,112,48,
BACK Under 3.5,back_under35,60-80,any,xg_home,38,71.1,32.7,124.27,55.2,83.0,2.07,1.8,26.58,21,0.11,Bundesliga,19.1,62.2,26,12,
BACK Under 3.5,back_under35,60-80,any,corners_dom,73,68.5,22.9,166.88,57.1,78.0,2.0,1.78,40.0,28,0.19,Desconocida,24.2,19.7,51,22,
LAY Over 4.5,lay_over45,55-75,goals_ge3,xg_low,105,81.9,28.6,300.6,73.5,88.1,5.05,1.77,132.5,44,0.06,Desconocida,26.1,34.3,73,32,lay_over45_v3
LAY Over 4.5,lay_over45,60-80,lead2,none,79,82.3,33.2,262.1,72.4,89.1,7.74,1.77,152.8,35,0.09,Bundesliga,34.0,31.3,55,24,lay_over45_v3
LAY CS 1-1,lay_rc_1_1,55-75,lead1,corners_dom,44,86.4,38.6,170.0,73.3,93.6,5.17,1.77,72.5,20,0.23,Desconocida,53.7,6.4,30,14,
BACK Under 3.5,back_under35,50-70,home+1,xg_low,159,72.3,15.5,245.79,64.9,78.7,1.82,1.76,93.95,43,0.08,Desconocida,18.9,7.5,111,48,under35_late
BACK Under 3.5,back_under35,50-70,goals_ge2,corners_dom,56,64.3,35.0,196.14,51.2,75.5,2.12,1.76,50.0,26,0.2,Desconocida,44.6,13.1,39,17,
BACK Under 3.5,back_under35,60-80,goals_ge3,sot_home,47,55.3,34.8,163.71,41.2,68.6,2.2,1.76,50.0,26,0.09,Desconocida,33.6,37.5,32,15,under35_3goals
BACK Under 3.5,back_under35,65-85,lead1,xg_low,132,60.6,16.5,218.12,52.1,68.5,2.11,1.76,103.74,40,0.08,Bundesliga,14.7,20.7,92,40,
BACK Under 3.5,back_under35,70-90,goals_ge2,sot_home,56,75.0,19.1,107.17,62.3,84.5,1.63,1.76,37.34,28,0.14,Desconocida,22.8,10.7,39,17,
LAY CS 1-1,lay_rc_1_1,65-85,any,none,114,80.7,25.1,285.9,72.5,86.9,4.77,1.76,83.7,32,0.18,Desconocida,36.0,0.5,79,35,
LAY Draw,lay_draw,70-90,lead1,corners_dom,53,81.1,33.4,176.8,68.6,89.4,3.74,1.74,65.6,24,0.09,Liga Argentina,30.6,39.7,37,16,
BACK Under 3.5,back_under35,60-80,home+1,xg_low,107,66.4,18.2,194.97,57.0,74.6,1.95,1.73,65.37,40,0.09,Desconocida,24.0,5.2,74,33,under35_late
BACK Away,back_away,65-85,lead1,xg_low,155,54.2,22.2,344.42,46.3,61.8,2.96,1.71,133.93,45,0.08,Desconocida,25.1,15.5,108,47,
BACK Under 1.5,back_under15,65-85,away+1,xg_low,95,51.6,21.4,203.19,41.7,61.4,2.44,1.71,62.07,38,0.09,Liga Argentina,13.3,39.7,66,29,
BACK Home,back_home,65-85,home+1,corners_dom,45,73.3,28.8,129.77,59.0,84.0,1.82,1.69,46.45,19,0.13,Desconocida,38.9,6.5,31,14,
BACK Over 2.5,back_over25,50-70,lead1,sot_home,47,57.4,31.1,145.96,43.3,70.5,2.61,1.69,40.0,22,0.17,Desconocida,39.9,12.2,32,15,
BACK Over 2.5,back_over25,40-60,lead1,sot_home,46,63.0,28.0,128.94,48.6,75.5,2.27,1.68,35.33,22,0.15,Desconocida,37.8,5.6,32,14,
LAY CS 1-1,lay_rc_1_1,45-65,away+1,none,40,90.0,43.0,172.0,76.9,96.0,5.32,1.68,108.5,22,0.23,Desconocida,35.9,59.6,28,12,
BACK Under 3.5,back_under35,60-80,home+1,none,127,64.6,16.5,209.16,55.9,72.3,2.01,1.67,73.19,42,0.09,Desconocida,19.5,9.6,88,39,under35_late
LAY Over 1.5,lay_over15,65-85,0-0,xg_low,38,81.6,36.1,137.3,66.6,90.8,3.7,1.67,39.0,23,0.13,Serie A,40.8,26.0,26,12,
BACK Away,back_away,60-80,lead1,xg_low,179,53.1,19.3,344.6,45.8,60.2,3.01,1.66,173.52,50,0.09,Desconocida,24.0,8.2,125,54,
LAY CS 1-1,lay_rc_1_1,40-60,away+1,xg_low,41,90.2,42.6,174.5,77.5,96.1,5.5,1.66,123.0,24,0.27,Desconocida,34.1,60.8,28,13,
BACK Under 1.5,back_under15,70-90,away+1,none,98,58.2,17.1,167.74,48.3,67.4,2.1,1.65,56.06,37,0.09,Liga Argentina,14.6,22.9,68,30,
LAY CS 1-2,lay_rc_1_2,65-85,any,none,55,85.5,34.7,190.9,73.8,92.4,5.76,1.65,75.7,27,0.18,Desconocida,24.6,57.4,38,17,
BACK Over 2.5,back_over25,50-70,away+2,none,47,76.6,21.3,100.12,62.8,86.4,1.58,1.64,20.52,24,0.13,Desconocida,27.1,8.9,32,15,
BACK Under 3.5,back_under35,55-75,any,xg_home,41,73.2,34.2,140.13,58.1,84.3,2.07,1.64,31.17,22,0.1,Bundesliga,23.8,56.5,28,13,
BACK Under 3.5,back_under35,55-75,goals_ge2,sot_home,52,59.6,33.1,171.99,46.1,71.8,2.17,1.64,47.37,25,0.1,Desconocida,25.4,50.3,36,16,
LAY Draw,lay_draw,45-65,lead1,corners_dom,62,79.0,27.9,173.0,67.4,87.3,3.72,1.63,82.5,27,0.15,Desconocida,30.8,21.3,43,19,
LAY Away,lay_away,70-90,goals_ge4,none,45,64.4,26.9,121.0,49.8,76.8,2.55,1.63,68.4,25,0.11,Bundesliga,17.6,47.4,31,14,
BACK Under 3.5,back_under35,55-75,any,sot_home,66,66.7,26.1,171.94,54.7,76.8,1.94,1.63,44.59,29,0.09,Desconocida,15.6,50.0,46,20,
BACK Under 3.5,back_under35,60-80,goals_ge2,corners_dom,63,63.5,24.2,152.37,51.1,74.3,2.13,1.63,40.5,28,0.19,Desconocida,25.8,20.4,44,19,
BACK Under 3.5,back_under35,65-85,goals_ge3,xg_low,161,53.4,15.0,241.11,45.7,61.0,2.3,1.62,180.38,43,0.07,Bundesliga,11.8,22.1,112,49,under35_3goals
LAY CS 1-1,lay_rc_1_1,70-90,home+1,none,52,88.5,37.5,195.0,77.0,94.6,5.22,1.62,68.0,22,0.15,Desconocida,49.3,10.9,36,16,
LAY Draw,lay_draw,55-75,away+1,xg_low,128,78.9,20.9,267.5,71.0,85.1,3.64,1.61,108.5,45,0.08,Desconocida,13.9,36.8,89,39,
LAY Over 4.5,lay_over45,45-65,lead2,xg_low,67,89.6,39.7,266.2,80.0,94.8,6.45,1.61,125.0,33,0.12,Desconocida,29.3,62.6,46,21,lay_over45_v3
BACK Over 2.5,back_over25,45-65,any,sot_home,82,62.2,22.4,183.42,51.4,71.9,2.4,1.6,40.0,35,0.13,Desconocida,27.7,10.2,57,25,
BACK Over 1.5,back_over15,45-65,lead1,sot_away,44,84.1,15.8,69.58,70.6,92.1,1.45,1.59,11.17,25,0.14,Desconocida,9.9,28.5,30,14,
LAY Draw,lay_draw,65-85,lead1,corners_dom,60,80.0,29.1,174.3,68.2,88.2,3.59,1.58,55.5,25,0.1,Liga Argentina,31.5,23.3,42,18,
LAY Over 4.5,lay_over45,55-75,goals_ge2,xg_low,161,85.1,25.1,403.6,78.8,89.8,6.76,1.58,143.0,49,0.07,Bundesliga,31.6,10.2,112,49,lay_over45_v3
LAY Over 4.5,lay_over45,55-75,home+2,xg_low,40,90.0,45.7,182.8,76.9,96.0,7.92,1.57,146.0,27,0.07,La Liga,30.7,80.7,28,12,lay_over45_v3
LAY CS 1-2,lay_rc_1_2,65-85,goals_ge2,none,54,85.2,33.6,181.4,73.4,92.3,5.68,1.57,75.7,27,0.19,Desconocida,22.7,57.4,37,17,
LAY Over 4.5,lay_over45,50-70,any,sot_home,41,87.8,40.3,165.2,74.5,94.7,6.19,1.56,64.0,23,0.12,Desconocida,24.5,74.3,28,13,lay_over45_v3
BACK Under 3.5,back_under35,45-65,any,sot_home,69,69.6,24.9,171.67,57.9,79.2,2.02,1.55,38.04,28,0.16,Desconocida,19.8,36.5,48,21,
BACK Under 1.5,back_under15,65-85,away+1,none,108,50.9,17.8,191.89,41.6,60.2,2.44,1.54,62.22,41,0.08,Liga Argentina,12.7,29.2,75,33,
LAY Draw,lay_draw,40-60,home+1,corners_dom,39,79.5,32.3,125.8,64.5,89.2,3.59,1.53,64.1,21,0.13,Liga Argentina,33.7,28.9,27,12,
BACK Under 3.5,back_under35,50-70,goals_ge2,sot_home,52,59.6,33.7,175.03,46.1,71.8,2.21,1.53,42.02,24,0.15,Desconocida,31.5,38.6,36,16,
LAY CS 1-1,lay_rc_1_1,40-60,lead1,none,107,87.9,27.4,293.0,80.3,92.8,6.01,1.53,244.0,33,0.15,Desconocida,35.4,9.4,74,33,
BACK Under 3.5,back_under35,40-60,any,xg_home,38,73.7,24.9,94.73,58.0,85.0,1.87,1.51,25.15,21,0.11,Primeira Liga,33.9,5.5,26,12,
BACK Under 3.5,back_under35,70-90,goals_ge3,sot_home,39,64.1,24.1,93.98,48.4,77.3,1.88,1.51,42.45,23,0.13,Desconocida,25.9,20.0,27,12,under35_3goals
BACK Home,back_home,40-60,home+2,none,38,78.9,18.3,69.62,63.7,88.9,1.51,1.5,20.0,23,0.08,Süper Lig,9.0,38.4,26,12,
LAY Over 1.5,lay_over15,65-85,0-0,none,42,81.0,32.1,134.8,66.7,90.0,3.7,1.5,44.3,24,0.12,Serie A,32.4,31.3,29,13,
BACK Over 2.5,back_over25,40-60,away+2,none,49,75.5,17.5,85.53,61.9,85.4,1.52,1.49,29.76,26,0.14,Desconocida,19.4,13.1,34,15,
BACK Over 2.5,back_over25,40-60,away+2,xg_low,40,75.0,20.4,81.41,59.8,85.8,1.56,1.49,19.83,24,0.12,Ligue 1,29.0,0.1,28,12,
BACK Under 3.5,back_under35,50-70,any,sot_home,68,66.2,25.4,172.57,54.3,76.3,1.95,1.49,46.3,28,0.13,Desconocida,23.2,30.2,47,21,
LAY Over 4.5,lay_over45,70-90,any,xg_low,124,78.2,23.1,286.0,70.2,84.6,5.54,1.49,110.5,41,0.07,Desconocida,12.7,46.5,86,38,lay_over45_v3
BACK Under 3.5,back_under35,60-80,goals_ge3,xg_low,161,49.1,15.2,244.07,41.5,56.7,2.51,1.46,122.36,45,0.08,Bundesliga,17.5,9.8,112,49,under35_3goals
LAY Over 4.5,lay_over45,60-80,home+2,none,55,81.8,33.9,186.4,69.7,89.8,7.8,1.46,141.7,31,0.09,Bundesliga,42.2,15.3,38,17,lay_over45_v3
LAY CS 0-2,lay_rc_0_2,65-85,any,none,42,83.3,34.3,143.9,69.4,91.7,4.96,1.46,79.6,21,0.24,Desconocida,25.9,53.0,29,13,
BACK Under 3.5,back_under35,65-85,any,sot_home,62,69.4,17.1,106.11,57.0,79.4,1.76,1.45,66.3,28,0.11,Desconocida,16.6,18.2,43,19,
BACK Over 2.5,back_over25,55-75,away+2,none,45,77.8,17.9,80.77,63.7,87.5,1.63,1.43,24.99,23,0.16,Desconocida,21.5,10.1,31,14,
BACK Under 3.5,back_under35,65-85,home+1,xg_low,90,61.1,16.3,146.84,50.8,70.5,2.06,1.43,57.37,39,0.08,Super League,19.9,8.4,62,28,under35_late
BACK Under 3.5,back_under35,70-90,any,xg_home,41,75.6,17.1,70.13,60.7,86.2,1.68,1.43,25.44,18,0.12,Desconocida,11.8,28.4,28,13,
LAY Under 2.5,lay_under25,50-70,tied_1-1,xg_low,123,74.0,18.2,224.3,65.6,80.9,3.43,1.43,86.0,39,0.1,Desconocida,14.5,26.9,86,37,
BACK Over 2.5,back_over25,45-65,away+2,none,48,77.1,16.2,77.96,63.5,86.7,1.51,1.41,23.55,25,0.12,Desconocida,20.0,8.1,33,15,
LAY Home,lay_home,50-70,away+1,xg_low,48,79.2,28.6,137.1,65.7,88.3,3.23,1.4,91.5,25,0.1,Bundesliga,25.2,35.9,33,15,
LAY Over 3.5,lay_over35,55-75,away+1,xg_low,72,63.9,20.6,148.2,52.4,74.0,4.42,1.4,78.0,32,0.12,Bundesliga,27.4,5.0,50,22,
LAY Over 3.5,lay_over35,70-90,away+1,xg_low,42,59.5,20.3,85.4,44.5,73.0,2.39,1.4,61.2,23,0.14,Bundesliga,22.2,16.1,29,13,
BACK Under 3.5,back_under35,65-85,any,corners_dom,70,68.6,15.8,110.3,57.0,78.2,1.85,1.38,50.97,29,0.16,Desconocida,7.6,34.9,49,21,
LAY Over 3.5,lay_over35,65-85,away+1,xg_low,46,60.9,21.3,97.8,46.5,73.6,2.61,1.38,73.8,25,0.13,Bundesliga,27.6,6.7,32,14,
LAY CS 1-1,lay_rc_1_1,55-75,home+1,xg_low,53,88.7,33.8,179.0,77.4,94.7,5.59,1.37,68.0,22,0.13,Desconocida,46.8,3.8,37,16,
LAY Draw,lay_draw,60-80,lead1,corners_dom,64,79.7,24.6,157.5,68.3,87.7,3.65,1.36,54.6,27,0.12,Desconocida,35.3,1.0,44,20,
BACK Under 2.5,back_under25,45-65,any,xg_home,44,54.5,30.3,133.42,40.1,68.3,2.68,1.36,32.14,23,0.14,Desconocida,24.4,43.0,30,14,
BACK Under 3.5,back_under35,45-65,any,xg_home,46,73.9,21.9,100.56,59.7,84.4,1.86,1.36,36.43,23,0.11,Desconocida,13.4,41.1,32,14,
BACK Away,back_away,55-75,lead1,xg_low,203,48.8,15.1,306.91,42.0,55.6,3.11,1.35,157.69,50,0.07,Desconocida,19.2,5.7,142,61,
LAY Over 4.5,lay_over45,70-90,goals_ge2,xg_low,121,77.7,21.3,257.5,69.5,84.2,5.46,1.35,110.5,41,0.07,Desconocida,10.8,45.2,84,37,lay_over45_v3
LAY Under 2.5,lay_under25,60-80,away+2,none,51,72.5,23.6,120.6,59.1,82.9,3.23,1.35,35.9,28,0.14,Desconocida,25.3,20.1,35,16,
BACK Home,back_home,45-65,lead1,corners_dom,54,68.5,18.6,100.25,55.3,79.3,1.99,1.34,37.62,22,0.19,Desconocida,22.4,10.2,37,17,
BACK Home,back_home,40-60,any,poss_away,52,53.8,26.5,137.98,40.5,66.7,2.73,1.33,54.85,25,0.13,Liga Argentina,28.3,22.6,36,16,
LAY Home,lay_home,50-70,away+1,none,52,78.8,26.5,137.6,66.0,87.8,3.16,1.33,110.0,26,0.1,Bundesliga,20.6,39.6,36,16,
BACK Under 3.5,back_under35,65-85,any,xg_home,38,71.1,20.8,78.95,55.2,83.0,1.92,1.33,27.44,19,0.11,Bundesliga,14.8,33.7,26,12,
BACK Under 3.5,back_under35,70-90,goals_ge2,xg_home,39,74.4,16.7,65.28,58.9,85.4,1.71,1.33,25.44,18,0.13,Desconocida,6.8,39.1,27,12,
LAY Under 2.5,lay_under25,40-60,lead1,sot_away,40,57.5,19.3,77.2,42.2,71.5,2.18,1.32,31.1,23,0.17,Desconocida,24.5,7.2,28,12,
BACK Under 3.5,back_under35,65-85,goals_ge2,corners_dom,65,66.2,15.9,103.46,54.0,76.5,1.91,1.29,52.58,28,0.17,Desconocida,9.4,30.5,45,20,
LAY Draw,lay_draw,40-60,lead1,corners_dom,65,78.5,23.0,149.5,67.0,86.7,3.71,1.28,88.5,29,0.15,Desconocida,21.5,26.5,45,20,
BACK Over 2.5,back_over25,60-80,away+2,none,52,73.1,19.2,100.05,59.7,83.2,1.76,1.28,26.48,28,0.13,Desconocida,12.0,35.4,36,16,
LAY Under 2.5,lay_under25,50-70,tied_1-1,none,135,73.3,15.7,212.5,65.3,80.1,3.38,1.27,86.0,40,0.1,Desconocida,9.4,30.2,94,41,
BACK Under 3.5,back_under35,45-65,goals_ge2,sot_home,51,58.8,27.6,140.71,45.2,71.2,2.35,1.26,37.23,23,0.14,Desconocida,23.0,37.6,35,16,
BACK Home,back_home,45-65,any,poss_away,52,53.8,24.2,125.65,40.5,66.7,2.59,1.23,52.59,24,0.15,Liga Argentina,32.7,4.9,36,16,
LAY Draw,lay_draw,45-65,goals_ge3,xg_low,72,75.0,19.5,140.4,63.9,83.6,3.57,1.21,78.4,36,0.07,Eredivisie,15.1,29.5,50,22,
LAY Draw,lay_draw,55-75,away+1,none,146,77.4,15.1,220.7,70.0,83.4,3.65,1.21,146.5,45,0.08,Desconocida,6.5,35.0,102,44,
LAY CS 1-2,lay_rc_1_2,70-90,any,none,55,83.6,27.4,150.6,71.7,91.1,5.71,1.21,82.8,26,0.2,Desconocida,6.3,74.4,38,17,
LAY CS 1-2,lay_rc_1_2,70-90,goals_ge2,none,55,83.6,27.4,150.6,71.7,91.1,5.71,1.21,82.8,26,0.2,Desconocida,6.3,74.4,38,17,
LAY Home,lay_home,45-65,0-0,poss_home,38,63.2,19.9,75.5,47.3,76.6,2.26,1.17,36.5,18,0.16,Desconocida,28.5,1.1,26,12,
LAY Over 3.5,lay_over35,60-80,any,sot_home,64,73.4,20.0,128.2,61.5,82.7,3.42,1.17,139.0,30,0.11,Desconocida,7.6,47.4,44,20,
LAY CS 0-0,lay_rc_0_0,45-65,any,none,102,82.4,20.1,205.4,73.8,88.5,6.08,1.15,151.3,30,0.21,Desconocida,11.5,39.9,71,31,
LAY Draw,lay_draw,40-60,goals_ge3,xg_low,60,75.0,20.2,121.1,62.8,84.2,3.48,1.14,65.9,29,0.08,Eredivisie,24.4,10.3,42,18,
LAY Draw,lay_draw,60-80,lead1,sot_away,39,82.1,27.3,106.6,67.3,91.0,3.4,1.14,49.5,21,0.13,Desconocida,28.4,25.0,27,12,
LAY Away,lay_away,70-90,tied_1-1,none,81,79.0,19.9,161.0,68.9,86.5,3.91,1.14,122.5,33,0.09,Desconocida,22.4,14.2,56,25,
LAY Over 4.5,lay_over45,45-65,any,xg_low,205,87.8,19.3,396.1,82.6,91.6,7.45,1.14,206.4,46,0.09,Desconocida,26.8,2.2,143,62,lay_over45_v3
LAY Draw,lay_draw,70-90,away+1,none,103,79.6,17.6,181.0,70.8,86.3,3.64,1.13,113.5,38,0.08,Bundesliga,19.2,13.9,72,31,
LAY Under 2.5,lay_under25,55-75,away+2,none,42,78.6,25.3,106.3,64.1,88.3,3.79,1.12,66.0,24,0.14,Desconocida,21.3,34.2,29,13,
BACK Under 3.5,back_under35,55-75,any,sot_away,38,68.4,19.9,75.51,52.5,80.9,2.24,1.11,36.2,24,0.13,Desconocida,21.4,16.6,26,12,
LAY Under 1.5,lay_under15,60-80,any,sot_away,40,65.0,20.2,80.7,49.5,77.9,2.62,1.11,34.3,19,0.15,Desconocida,24.7,9.6,28,12,
LAY Over 4.5,lay_over45,65-85,lead2,none,66,74.2,22.5,148.6,62.6,83.3,6.95,1.1,146.8,32,0.09,Championship,20.6,27.0,46,20,lay_over45_v3
BACK Under 2.5,back_under25,50-70,any,xg_home,53,58.5,18.4,97.27,45.1,70.7,2.43,1.08,36.35,23,0.11,Desconocida,15.9,24.1,37,16,
LAY Draw,lay_draw,50-70,goals_ge3,xg_low,74,74.3,17.4,128.8,63.3,82.9,3.47,1.07,85.9,35,0.07,Championship,6.2,42.2,51,23,
BACK Under 3.5,back_under35,50-70,any,poss_home,44,63.6,23.8,104.56,48.9,76.2,2.2,1.07,36.28,25,0.18,Desconocida,4.4,65.3,30,14,
LAY Over 4.5,lay_over45,45-65,any,corners_dom,45,84.4,28.2,126.7,71.2,92.3,6.43,1.04,103.0,25,0.2,Desconocida,24.3,36.7,31,14,lay_over45_v3
LAY Over 4.5,lay_over45,65-85,goals_ge3,xg_low,121,77.7,17.7,214.7,69.5,84.2,4.94,1.04,213.9,42,0.07,Desconocida,9.8,35.7,84,37,lay_over45_v3
BACK Under 3.5,back_under35,65-85,away+1,xg_low,45,60.0,16.4,73.72,45.5,73.0,2.17,1.02,104.95,24,0.13,Bundesliga,9.4,31.9,31,14,
LAY Over 3.5,lay_over35,70-90,any,xg_home,42,76.2,23.4,98.3,61.5,86.5,4.14,1.02,87.5,19,0.12,Desconocida,10.2,52.8,29,13,
LAY Over 3.5,lay_over35,70-90,any,corners_dom,62,71.0,18.6,115.2,58.7,80.8,4.19,1.02,104.1,24,0.19,Desconocida,13.0,31.2,43,19,
LAY Over 4.5,lay_over45,55-75,any,none,215,84.2,15.1,325.0,78.7,88.5,6.83,1.02,212.0,49,0.08,Bundesliga,10.3,26.1,150,65,lay_over45_v3
BACK Under 2.5,back_under25,55-75,any,xg_home,48,64.6,16.8,80.53,50.4,76.6,2.1,1.01,44.8,23,0.12,Serie A,0.4,52.8,33,15,
LAY CS 1-1,lay_rc_1_1,45-65,lead1,xg_low,85,87.1,21.3,181.0,78.3,92.6,5.94,1.01,166.0,30,0.16,Desconocida,29.0,3.8,59,26,
LAY Home,lay_home,40-60,0-0,poss_home,40,60.0,16.3,65.1,44.6,73.7,2.24,1.0,33.8,18,0.17,Liga Argentina,22.8,1.0,28,12,
LAY Over 2.5,lay_over25,55-75,any,xg_home,40,60.0,17.1,68.3,44.6,73.7,2.43,1.0,64.8,20,0.1,Bundesliga,5.3,44.6,28,12,
LAY Away,lay_away,40-60,home+1,none,68,82.4,20.2,137.5,71.6,89.6,4.06,0.98,110.6,31,0.1,Bundesliga,10.5,41.9,47,21,
LAY Over 4.5,lay_over45,40-60,any,xg_low,233,87.6,16.7,388.6,82.7,91.2,7.7,0.97,246.0,45,0.09,Desconocida,13.4,24.4,163,70,lay_over45_v3
LAY CS 1-1,lay_rc_1_1,65-85,any,corners_dom,45,80.0,22.9,102.9,66.2,89.1,4.76,0.97,90.0,21,0.2,Desconocida,27.2,13.2,31,14,
LAY Over 4.5,lay_over45,55-75,home+2,none,49,87.8,28.4,139.3,75.8,94.3,7.7,0.96,192.0,29,0.08,Bundesliga,29.3,26.5,34,15,lay_over45_v3
BACK Under 3.5,back_under35,55-75,goals_ge2,corners_dom,55,56.4,17.6,96.76,43.3,68.6,2.38,0.95,80.0,23,0.18,Desconocida,13.0,28.0,38,17,
LAY Over 4.5,lay_over45,50-70,goals_ge2,sot_home,40,85.0,27.1,108.2,70.9,92.9,5.89,0.95,71.0,21,0.15,Desconocida,23.1,36.3,28,12,lay_over45_v3
BACK Under 3.5,back_under35,50-70,lead1,sot_home,49,67.3,17.3,84.78,53.4,78.8,1.82,0.94,40.64,26,0.12,Desconocida,20.6,9.8,34,15,
LAY Over 3.5,lay_over35,70-90,goals_ge2,corners_dom,61,70.5,17.3,105.7,58.1,80.4,4.15,0.94,104.1,23,0.2,Desconocida,11.1,31.2,42,19,
LAY CS 0-0,lay_rc_0_0,45-65,any,xg_low,98,81.6,17.1,167.4,72.8,88.1,5.98,0.94,157.6,30,0.19,Desconocida,7.8,38.1,68,30,
LAY CS 0-0,lay_rc_0_0,50-70,any,none,84,78.6,17.3,145.4,68.7,86.0,5.4,0.94,130.1,29,0.18,Desconocida,8.5,36.9,58,26,
LAY Draw,lay_draw,65-85,goals_ge2,corners_dom,49,65.3,15.9,77.9,51.3,77.1,2.86,0.93,64.1,29,0.12,Desconocida,21.4,3.3,34,15,
LAY CS 0-0,lay_rc_0_0,60-80,any,none,67,73.1,17.6,118.2,61.5,82.3,4.68,0.92,86.0,27,0.19,Desconocida,6.9,41.1,46,21,
LAY CS 0-0,lay_rc_0_0,55-75,any,none,75,76.0,17.1,127.9,65.2,84.2,4.88,0.91,100.9,27,0.17,Desconocida,7.5,38.6,52,23,
LAY Over 4.5,lay_over45,60-80,goals_ge3,xg_low,111,78.4,16.1,178.6,69.8,85.0,4.97,0.9,216.4,41,0.07,Desconocida,11.7,26.0,77,34,lay_over45_v3
LAY Draw,lay_draw,50-70,any,poss_away,51,72.5,16.3,83.3,59.1,82.9,3.37,0.87,101.8,26,0.12,Liga Argentina,16.0,17.0,35,16,
BACK Under 3.5,back_under35,60-80,lead1,corners_dom,39,64.1,15.3,59.74,48.4,77.3,2.03,0.84,28.89,18,0.18,Desconocida,12.2,22.3,27,12,
LAY Over 2.5,lay_over25,50-70,0-0,none,56,80.4,19.3,108.0,68.2,88.7,4.61,0.84,103.6,29,0.09,Bundesliga,12.4,35.2,39,17,
LAY Over 4.5,lay_over45,55-75,home+1,xg_low,54,85.2,22.2,119.8,73.4,92.3,5.84,0.84,113.5,32,0.07,Desconocida,19.1,29.0,37,17,lay_over45_v3
LAY Over 4.5,lay_over45,60-80,home+1,xg_low,52,84.6,22.2,115.5,72.5,92.0,6.2,0.84,123.0,31,0.12,Desconocida,7.6,55.1,36,16,lay_over45_v3
BACK Under 3.5,back_under35,50-70,home+1,sot_home,44,68.2,15.8,69.34,53.4,80.0,1.74,0.83,40.64,25,0.14,Desconocida,11.2,25.5,30,14,under35_late
LAY Over 4.5,lay_over45,45-65,home+2,xg_low,47,87.2,27.6,129.7,74.8,94.0,6.09,0.83,125.0,28,0.11,Desconocida,17.2,49.7,32,15,lay_over45_v3
LAY Over 2.5,lay_over25,50-70,0-0,xg_low,54,81.5,18.9,102.3,69.2,89.6,4.63,0.8,99.8,29,0.09,Bundesliga,11.5,35.2,37,17,
LAY CS 0-0,lay_rc_0_0,50-70,any,xg_low,78,78.2,15.3,119.4,67.8,85.9,5.18,0.79,119.6,28,0.17,Desconocida,7.9,32.1,54,24,
LAY CS 0-0,lay_rc_0_0,55-75,any,xg_low,66,75.8,15.9,104.7,64.2,84.5,4.68,0.78,96.2,25,0.15,Desconocida,9.7,30.1,46,20,
LAY Over 3.5,lay_over35,50-70,any,poss_home,42,64.3,15.3,64.2,49.2,77.0,4.03,0.77,55.1,24,0.19,Desconocida,3.3,41.9,29,13,
LAY Over 4.5,lay_over45,45-65,goals_ge2,sot_home,38,84.2,23.9,90.8,69.6,92.6,5.38,0.76,146.3,21,0.13,Desconocida,5.9,62.9,26,12,lay_over45_v3
LAY CS 1-0,lay_rc_1_0,60-80,0-0,none,47,83.0,19.1,90.0,69.9,91.1,5.29,0.75,103.5,23,0.21,Desconocida,17.3,23.0,32,15,
LAY Over 4.5,lay_over45,55-75,lead2,none,77,84.4,17.4,133.8,74.7,90.9,7.48,0.71,211.5,35,0.1,Desconocida,7.4,39.5,53,24,lay_over45_v3
LAY CS 2-1,lay_rc_2_1,40-60,home+1,xg_low,61,90.2,20.9,127.5,80.2,95.4,8.0,0.71,122.5,22,0.13,Desconocida,23.8,14.5,42,19,
LAY CS 1-2,lay_rc_1_2,60-80,goals_ge2,none,49,81.6,16.7,81.9,68.6,90.0,5.83,0.68,104.1,25,0.2,Desconocida,1.9,50.3,34,15,
LAY CS 1-0,lay_rc_1_0,60-80,0-0,xg_low,40,82.5,17.0,68.0,68.0,91.3,5.36,0.61,97.5,20,0.2,Desconocida,22.1,5.0,28,12,
LAY Over 4.5,lay_over45,60-80,any,corners_dom,50,80.0,15.0,74.8,67.0,88.8,6.38,0.55,152.1,25,0.14,Desconocida,11.6,22.7,35,15,lay_over45_v3
LAY Over 4.5,lay_over45,60-80,goals_ge2,corners_dom,50,80.0,15.0,74.8,67.0,88.8,6.41,0.55,152.1,25,0.16,Desconocida,11.6,22.7,35,15,lay_over45_v3
